id,sku,brand,name,price_display,variant_group,slug
3068,1073919990,American Standard,"Bồn cầu treo tường nắp điện tử thông minh dòng Aero-Lite American Standard 1073919990 (103032BL00+103026SH00)",36.750.000đ,,bon-cau-treo-tuong-nap-dien-tu-thong-minh-dong-aero-lite-american-standard-1073919990-103032bl00103026sh00-1073919990
1855,2007-WT,American Standard,"Bồn cầu 1 khối American Standard 2007-WT nắp êm dòng Acacia Evolution",8.800.000đ,,bon-cau-1-khoi-american-standard-2007-wt-2007wt-nap-em-dong-acacia-evolution-2007-wt
1864,2307-WT,American Standard,"Bồn cầu 2 khối American Standard 2307-WT nắp êm",10.309.500đ,,bon-cau-2-khoi-american-standard-2307-wt-2307wt-nap-em-2307-wt
3071,2309-WT,American Standard,"Bồn cầu 2 khối American Standard 2309-WT nắp êm dòng Cygnet",7.480.000đ,,bon-cau-2-khoi-american-standard-2309-wt-2309wt-nap-em-dong-cygnet-2309-wt
1865,2407-WT,American Standard,"Bồn cầu 2 khối American Standard 2407-WT nắp êm dòng Compact Codie",4.243.500đ,,bon-cau-2-khoi-american-standard-2407-wt-2407wt-nap-em-dong-compact-codie-2407-wt
1863,2530-WT,American Standard,"Bồn cầu 1 khối American Standard 2530-WT nắp êm dòng Flexio",8.099.000đ,,bon-cau-1-khoi-american-standard-2530-wt-2530wt-nap-em-dong-flexio-2530-wt
3070,2622-WT,American Standard,"Bồn cầu 2 khối American Standard 2622-WT nắp êm dòng Signature",8.514.000đ,,bon-cau-2-khoi-american-standard-2622-wt-2622wt-nap-em-dong-signature-2622-wt
3072,2630-WT,American Standard,"Bồn cầu 2 khối American Standard 2630-WT nắp êm dòng Neo Modern",4.450.000đ,,bon-cau-2-khoi-american-standard-2630-wt-2630wt-nap-em-dong-neo-modern-2630-wt
1972,3229B-WT,American Standard,"Bồn cầu đặt sàn American Standard 3229B-WT (chưa gồm nắp)",6.825.000đ,,bon-cau-dat-san-american-standard-3229b-wt-3229bwt-chua-gom-nap-3229b-wt
3047,KP-8310,American Standard,"Bồn cầu điện tử thông minh American Standard KP-8310 dòng PLAT",28.910.000đ,,bon-cau-dien-tu-thong-minh-american-standard-kp-8310-kp8310-dong-plat-kp-8310
3062,KP-8312,American Standard,"Bồn cầu điện tử thông minh American Standard KP-8312 dòng PLAT",39.900.000đ,,bon-cau-dien-tu-thong-minh-american-standard-kp-8312-kp8312-dong-plat-kp-8312
1856,VF-1808,American Standard,"Bồn cầu 1 khối American Standard VF-1808 nắp êm dòng Acacia Evolution",6.486.000đ,,bon-cau-1-khoi-american-standard-vf-1808-vf1808-nap-em-dong-acacia-evolution-vf-1808
1868,VF-1808E,American Standard,"Bồn cầu 1 khối American Standard VF-1808E nắp êm dòng Acacia SupaSleek",7.526.000đ,,bon-cau-1-khoi-american-standard-vf-1808e-vf1808e-nap-em-dong-acacia-supasleek-vf-1808e
1853,VF-1808ET,American Standard,"Bồn cầu 1 khối American Standard VF-1808ET nắp êm dòng Acacia SupaSleek",8.850.000đ,,bon-cau-1-khoi-american-standard-vf-1808et-vf1808et-nap-em-dong-acacia-supasleek-vf-1808et
3048,VF-1808PL,American Standard,"Bồn cầu 1 khối American Standard VF-1808PL nắp điện tử",14.045.000đ,,bon-cau-1-khoi-american-standard-vf-1808pl-vf1808pl-nap-dien-tu-vf-1808pl
3052,VF-1808PR,American Standard,"Bồn cầu 1 khối American Standard VF-1808PR nắp điện tử",14.820.000đ,,bon-cau-1-khoi-american-standard-vf-1808pr-vf1808pr-nap-dien-tu-vf-1808pr
3050,VF-1808TPL,American Standard,"Bồn cầu 1 khối American Standard VF-1808TPL nắp điện tử",12.540.000đ,,bon-cau-1-khoi-american-standard-vf-1808tpl-vf1808tpl-nap-dien-tu-vf-1808tpl
3049,VF-1808TPR,American Standard,"Bồn cầu 1 khối American Standard VF-1808TPR nắp điện tử",14.945.000đ,,bon-cau-1-khoi-american-standard-vf-1808tpr-vf1808tpr-nap-dien-tu-vf-1808tpr
3621,VF-1808TSW,American Standard,"Bồn cầu 1 khối American Standard VF-1808TSW nắp rửa cơ M4A839",6.615.000đ,,bon-cau-1-khoi-american-standard-vf-1808tsw-vf1808tsw-nap-rua-co-m4a839-vf-1808tsw
1867,VF-1858,American Standard,"Bồn cầu 1 khối American Standard VF-1858 nắp êm",4.288.000đ,,bon-cau-1-khoi-american-standard-vf-1858-vf1858-nap-em-vf-1858
3056,VF-1858PL,American Standard,"Bồn cầu 1 khối American Standard VF-1858PL nắp điện tử",19.565.000đ,,bon-cau-1-khoi-american-standard-vf-1858pl-vf1858pl-nap-dien-tu-vf-1858pl
3057,VF-1858PR,American Standard,"Bồn cầu 1 khối American Standard VF-1858PR nắp điện tử",20.470.000đ,,bon-cau-1-khoi-american-standard-vf-1858pr-vf1858pr-nap-dien-tu-vf-1858pr
3619,VF-1858S,American Standard,"Bồn cầu 1 khối American Standard VF-1858S nắp rửa cơ Slim",7.189.000đ,,bon-cau-1-khoi-american-standard-vf-1858s-vf1858s-nap-rua-co-slim-vf-1858s
3617,VF-1858S3,American Standard,"Bồn cầu 1 khối American Standard VF-1858S3 nắp rửa cơ Slim 3",7.140.000đ,,bon-cau-1-khoi-american-standard-vf-1858s3-vf1858s3-nap-rua-co-slim-3-vf-1858s3
3620,VF-1858SW,American Standard,"Bồn cầu 1 khối American Standard VF-1858SW nắp rửa cơ M4A839",4.389.000đ,,bon-cau-1-khoi-american-standard-vf-1858sw-vf1858sw-nap-rua-co-m4a839-vf-1858sw
3063,VF-1862PL,American Standard,"Bồn cầu 1 khối American Standard VF-1862PL nắp điện tử",10.350.000đ,,bon-cau-1-khoi-american-standard-vf-1862pl-vf1862pl-nap-dien-tu-vf-1862pl
3622,VF-1862SW,American Standard,"Bồn cầu 1 khối American Standard VF-1862SW nắp rửa cơ M4A839",5.280.000đ,,bon-cau-1-khoi-american-standard-vf-1862sw-vf1862sw-nap-rua-co-m4a839-vf-1862sw
3627,VF-1863SW,American Standard,"Bồn cầu 1 khối American Standard VF-1863SW nắp rửa cơ M4A839",4.200.000đ,,bon-cau-1-khoi-american-standard-vf-1863sw-vf1863sw-nap-rua-co-m4a839-vf-1863sw
1861,VF-2010,American Standard,"Bồn cầu 1 khối American Standard VF-2010 nắp êm dòng Activa",6.018.000đ,,bon-cau-1-khoi-american-standard-vf-2010-vf2010-nap-em-dong-activa-vf-2010
3055,VF-2010PL,American Standard,"Bồn cầu 1 khối American Standard VF-2010PL nắp điện tử",11.700.000đ,,bon-cau-1-khoi-american-standard-vf-2010pl-vf2010pl-nap-dien-tu-vf-2010pl
3051,VF-2010PR,American Standard,"Bồn cầu 1 khối American Standard VF-2010PR nắp điện tử",12.375.000đ,,bon-cau-1-khoi-american-standard-vf-2010pr-vf2010pr-nap-dien-tu-vf-2010pr
3615,VF-2010S,American Standard,"Bồn cầu 1 khối American Standard VF-2010S nắp rửa cơ Slim",6.448.000đ,,bon-cau-1-khoi-american-standard-vf-2010s-vf2010s-nap-rua-co-slim-vf-2010s
3624,VF-2010SW,American Standard,"Bồn cầu 1 khối American Standard VF-2010SW nắp rửa cơ M4A839",6.043.500đ,,bon-cau-1-khoi-american-standard-vf-2010sw-vf2010sw-nap-rua-co-m4a839-vf-2010sw
1860,VF-2011,American Standard,"Bồn cầu 1 khối American Standard VF-2011 nắp êm dòng Active",6.962.000đ,,bon-cau-1-khoi-american-standard-vf-2011-vf2011-nap-em-dong-active-vf-2011
3053,VF-2011PL,American Standard,"Bồn cầu 1 khối American Standard VF-2011PL nắp điện tử",11.960.000đ,,bon-cau-1-khoi-american-standard-vf-2011pl-vf2011pl-nap-dien-tu-vf-2011pl
3054,VF-2011PR,American Standard,"Bồn cầu 1 khối American Standard VF-2011PR nắp điện tử",12.650.000đ,,bon-cau-1-khoi-american-standard-vf-2011pr-vf2011pr-nap-dien-tu-vf-2011pr
3616,VF-2011S,American Standard,"Bồn cầu 1 khối American Standard VF-2011S nắp rửa cơ Slim",7.068.000đ,,bon-cau-1-khoi-american-standard-vf-2011s-vf2011s-nap-rua-co-slim-vf-2011s
3625,VF-2011SW,American Standard,"Bồn cầu 1 khối American Standard VF-2011SW nắp rửa cơ M4A839",6.043.500đ,,bon-cau-1-khoi-american-standard-vf-2011sw-vf2011sw-nap-rua-co-m4a839-vf-2011sw
3074,VF-2013,American Standard,"Bồn cầu 2 khối American Standard VF-2013 nắp êm",1.944.000đ,,bon-cau-2-khoi-american-standard-vf-2013-vf2013-nap-em-vf-2013
3080,VF-2013S,American Standard,"Bồn cầu 2 khối American Standard VF-2013S nắp rửa cơ Slim",5.350.000đ,,bon-cau-2-khoi-american-standard-vf-2013s-vf2013s-nap-rua-co-slim-vf-2013s
1971,VF-2141P,American Standard,"Bồn cầu đặt sàn American Standard VF-2141P nắp êm",7.480.000đ,,bon-cau-dat-san-american-standard-vf-2141p-vf2141p-nap-em-vf-2141p
3083,VF-2162,American Standard,"Bồn cầu 2 khối American Standard VF-2162 nắp êm dòng Loven",2.898.000đ,,bon-cau-2-khoi-american-standard-vf-2162-vf2162-nap-em-dong-loven-vf-2162
3085,VF-2162S,American Standard,"Bồn cầu 2 khối American Standard VF-2162S nắp rửa cơ Slim",3.339.000đ,,bon-cau-2-khoi-american-standard-vf-2162s-vf2162s-nap-rua-co-slim-vf-2162s
988,VF-2162SW,American Standard,"Bồn cầu 2 khối American Standard VF-2162SW nắp rửa cơ M4A839",3.078.000đ,,bon-cau-2-khoi-american-standard-vf-2162sw-vf2162sw-nap-rua-co-m4a839-vf-2162sw
3075,VF-2397,American Standard,"Bồn cầu 2 khối American Standard VF-2397 nắp thường dòng Winplus+",2.280.000đ,,bon-cau-2-khoi-american-standard-vf-2397-vf2397-nap-thuong-dong-winplus-vf-2397
3081,VF-2397S,American Standard,"Bồn cầu 2 khối American Standard VF-2397S nắp rửa cơ Slim",4.277.000đ,,bon-cau-2-khoi-american-standard-vf-2397s-vf2397s-nap-rua-co-slim-vf-2397s
3082,VF-2397S3,American Standard,"Bồn cầu 2 khối American Standard VF-2397S3 nắp rửa cơ Slim 3",4.968.000đ,,bon-cau-2-khoi-american-standard-vf-2397s3-vf2397s3-nap-rua-co-slim-3-vf-2397s3
3077,VF-2397SL,American Standard,"Bồn cầu 2 khối American Standard VF-2397SL nắp êm dòng Winplus+",2.432.000đ,,bon-cau-2-khoi-american-standard-vf-2397sl-vf2397sl-nap-em-dong-winplus-vf-2397sl
3084,VF-2397SW,American Standard,"Bồn cầu 2 khối American Standard VF-2397SW nắp rửa cơ M4A839",3.984.000đ,,bon-cau-2-khoi-american-standard-vf-2397sw-vf2397sw-nap-rua-co-m4a839-vf-2397sw
3076,VF-2398,American Standard,"Bồn cầu 2 khối American Standard VF-2398 nắp thường",2.025.000đ,,bon-cau-2-khoi-american-standard-vf-2398-vf2398-nap-thuong-vf-2398
3078,VF-2398SL,American Standard,"Bồn cầu 2 khối American Standard VF-2398SL nắp êm",2.175.000đ,,bon-cau-2-khoi-american-standard-vf-2398sl-vf2398sl-nap-em-vf-2398sl
1870,VF-2530,American Standard,"Bồn cầu 1 khối American Standard VF-2530 nắp êm dòng Flexico",5.040.000đ,,bon-cau-1-khoi-american-standard-vf-2530-vf2530-nap-em-dong-flexico-vf-2530
3618,VF-2530S,American Standard,"Bồn cầu 1 khối American Standard VF-2530S nắp rửa cơ dòng Slim",5.734.000đ,,bon-cau-1-khoi-american-standard-vf-2530s-vf2530s-nap-rua-co-dong-slim-vf-2530s
3626,VF-2530SW,American Standard,"Bồn cầu 1 khối American Standard VF-2530SW nắp rửa cơ M4A839",5.310.000đ,,bon-cau-1-khoi-american-standard-vf-2530sw-vf2530sw-nap-rua-co-m4a839-vf-2530sw
3073,VF-2719,American Standard,"Bồn cầu 2 khối American Standard VF-2719 nắp êm",2.332.000đ,,bon-cau-2-khoi-american-standard-vf-2719-vf2719-nap-em-vf-2719
3079,VF-2719S,American Standard,"Bồn cầu 2 khối American Standard VF-2719S nắp rửa cơ Slim",3.016.000đ,,bon-cau-2-khoi-american-standard-vf-2719s-vf2719s-nap-rua-co-slim-vf-2719s
1871,VF-2781,American Standard,"Bồn cầu 2 khối American Standard VF-2781 nắp êm dòng Kastello",8.364.000đ,,bon-cau-2-khoi-american-standard-vf-2781-vf2781-nap-em-dong-kastello-vf-2781
3064,VF-3119,American Standard,"Bồn cầu treo tường American Standard VF-3119 nắp êm dòng Acacia Evolution",3.751.500đ,,bon-cau-treo-tuong-american-standard-vf-3119-vf3119-nap-em-dong-acacia-evolution-vf-3119
3067,VF-3119E,American Standard,"Bồn cầu treo tường American Standard VF-3119E nắp êm dòng Acacia SupaSleek",4.775.000đ,,bon-cau-treo-tuong-american-standard-vf-3119e-vf3119e-nap-em-dong-acacia-supasleek-vf-3119e
1866,WP-1806,American Standard,"Bồn cầu điện tử thông minh American Standard WP-1806 dòng Acacia Evolution",97.900.000đ,,bon-cau-dien-tu-thong-minh-american-standard-wp-1806-wp1806-dong-acacia-evolution-wp-1806
1857,WP-1830,American Standard,"Bồn cầu 1 khối American Standard WP-1830 nắp êm dòng Milano",8.250.000đ,,bon-cau-1-khoi-american-standard-wp-1830-wp1830-nap-em-dong-milano-wp-1830
1859,WP-1880,American Standard,"Bồn cầu 1 khối American Standard WP-1880 nắp êm dòng Signature",9.600.000đ,,bon-cau-1-khoi-american-standard-wp-1880-wp1880-nap-em-dong-signature-wp-1880
1858,WP-1880N,American Standard,"Bồn cầu 1 khối American Standard WP-1880N nắp êm dòng Signature",8.400.000đ,,bon-cau-1-khoi-american-standard-wp-1880n-wp1880n-nap-em-dong-signature-wp-1880n
3060,WP-1880PL,American Standard,"Bồn cầu 1 khối American Standard WP-1880PL nắp điện tử",14.250.000đ,,bon-cau-1-khoi-american-standard-wp-1880pl-wp1880pl-nap-dien-tu-wp-1880pl
3061,WP-1880PR,American Standard,"Bồn cầu 1 khối American Standard WP-1880PR nắp điện tử",15.000.000đ,,bon-cau-1-khoi-american-standard-wp-1880pr-wp1880pr-nap-dien-tu-wp-1880pr
3623,WP-1880SW,American Standard,"Bồn cầu 1 khối American Standard WP-1880SW nắp rửa cơ M4A839",9.114.000đ,,bon-cau-1-khoi-american-standard-wp-1880sw-wp1880sw-nap-rua-co-m4a839-wp-1880sw
1854,WP-2025,American Standard,"Bồn cầu 1 khối American Standard WP-2025 nắp êm dòng Kastello",17.220.000đ,,bon-cau-1-khoi-american-standard-wp-2025-wp2025-nap-em-dong-kastello-wp-2025
3058,WP-2025PL,American Standard,"Bồn cầu 1 khối American Standard WP-2025PL nắp điện tử",30.260.000đ,,bon-cau-1-khoi-american-standard-wp-2025pl-wp2025pl-nap-dien-tu-wp-2025pl
3059,WP-2025PR,American Standard,"Bồn cầu 1 khối American Standard WP-2025PR nắp điện tử",32.305.000đ,,bon-cau-1-khoi-american-standard-wp-2025pr-wp2025pr-nap-dien-tu-wp-2025pr
1862,WP-2073,American Standard,"Bồn cầu 1 khối American Standard WP-2073 nắp êm dòng Neo Modern",5.900.000đ,,bon-cau-1-khoi-american-standard-wp-2073-wp2073-nap-em-dong-neo-modern-wp-2073
3066,WP-2131,American Standard,"Bồn cầu treo tường American Standard WP-2131 nắp êm dòng Kastello Square",4.160.000đ,,bon-cau-treo-tuong-american-standard-wp-2131-wp2131-nap-em-dong-kastello-square-wp-2131
3065,WP-2140,American Standard,"Bồn cầu treo tường American Standard WP-2140 nắp êm dòng Signature",4.346.000đ,,bon-cau-treo-tuong-american-standard-wp-2140-wp2140-nap-em-dong-signature-wp-2140
3069,WP-2265,American Standard,"Bồn cầu treo tường American Standard WP-2265 nắp êm dòng Loven",4.473.000đ,,bon-cau-treo-tuong-american-standard-wp-2265-wp2265-nap-em-dong-loven-wp-2265
1869,WP-5017,American Standard,"Bồn cầu điện tử thông minh American Standard WP-5017 dòng New AeroZen",35.640.000đ,,bon-cau-dien-tu-thong-minh-american-standard-wp-5017-wp5017-dong-new-aerozen-wp-5017
3046,WP-70DY,American Standard,"Bồn cầu điện tử thông minh American Standard WP-70DY",35.340.000đ,,bon-cau-dien-tu-thong-minh-american-standard-wp-70dy-wp70dy-wp-70dy
1834,AT1084S,ATMOR,"Bồn cầu 1 khối ATMOR AT1084S nắp êm xả nhấn",4.851.000đ,,bon-cau-1-khoi-atmor-at1084s-nap-em-xa-nhan-at1084s
1833,AT1157,ATMOR,"Bồn cầu 1 khối ATMOR AT1157 nắp êm xả nhấn ATMOR",3.762.000đ,,bon-cau-1-khoi-atmor-at1157-nap-em-xa-nhan-atmor-at1157-at1157
1835,AT1171,ATMOR,"Bồn cầu 1 khối ATMOR AT1171 nắp êm xả nhấn",4.158.000đ,,bon-cau-1-khoi-atmor-at1171-nap-em-xa-nhan-at1171
1836,AT1177,ATMOR,"Bồn cầu 1 khối ATMOR AT1177 nắp êm",5.390.000đ,,bon-cau-1-khoi-atmor-at1177-nap-em-at1177
3590,AT1206,ATMOR,"Bồn cầu 1 khối ATMOR",6.160.000đ,,bon-cau-1-khoi-atmor-at1206-at1206
1837,AT1620,ATMOR,"Bồn cầu 1 khối ATMOR AT1620 nắp êm xả nhấn",6.545.000đ,,bon-cau-1-khoi-atmor-at1620-nap-em-xa-nhan-at1620
1838,AT1635,ATMOR,"Bồn cầu 1 khối ATMOR AT1635 nắp êm xả nhấn",7.700.000đ,,bon-cau-1-khoi-atmor-at1635-nap-em-xa-nhan-at1635
1839,AT1692,ATMOR,"Bồn cầu 1 khối ATMOR AT1692 nắp êm xả nhấn",5.390.000đ,,bon-cau-1-khoi-atmor-at1692-nap-em-xa-nhan-at1692
1850,AT2032,ATMOR,"Bồn cầu 2 khối ATMOR AT2032 nắp êm xả nhấn",3.234.000đ,,bon-cau-2-khoi-atmor-at2032-nap-em-xa-nhan-at2032
1851,AT2112,ATMOR,"Bồn cầu 2 khối ATMOR AT2112 nắp êm xả nhấn",3.080.000đ,,bon-cau-2-khoi-atmor-at2112-nap-em-xa-nhan-at2112
3612,AT2155W,ATMOR,"Bồn cầu treo tường ATMOR",5.390.000đ,,bon-cau-treo-tuong-atmor-at2155w-at2155w
3610,AT2155W+AT200-G2,ATMOR,"Bộ bồn cầu treo tường ATMOR AT2155W kèm nắp AT200-G2",11.550.000đ,AT2155W,bo-bon-cau-treo-tuong-atmor-at2155w-kem-nap-at200-g2
1840,AT2156,ATMOR,"Bồn cầu 1 khối ATMOR AT2156 nắp êm xả nhấn",4.620.000đ,,bon-cau-1-khoi-atmor-at2156-nap-em-xa-nhan-at2156
1841,AT2177,ATMOR,"Bồn cầu 1 khối ATMOR AT2177 nắp êm xả nhấn",5.390.000đ,,bon-cau-1-khoi-atmor-at2177-nap-em-xa-nhan-at2177
3613,AT2178W,ATMOR,"Bồn cầu treo tường ATMOR",5.390.000đ,,bon-cau-treo-tuong-atmor-at2178w-at2178w
3614,AT2178W+AT2000,ATMOR,"Bồn cầu treo tường ATMOR AT2178W kèm nắp AT2000",11.550.000đ,AT2178W,bon-cau-treo-tuong-atmor-at2178w-kem-nap-at2000
3611,AT2178W+AT2003-A,ATMOR,"Bồn cầu ATMOR AT2178W kèm nắp AT2003-A",15.400.000đ,AT2178W,bon-cau-atmor-at2178w-kem-nap-at2003-a
3588,AT271B,ATMOR,"Bồn cầu 1 khối ATMOR AT271B màu đen nắp êm",6.776.000đ,,bon-cau-1-khoi-atmor-at271b-mau-den-nap-em-at271b
3589,AT295B,ATMOR,"Bồn cầu 1 khối ATMOR AT295B màu đen nắp êm",6.930.000đ,,bon-cau-1-khoi-atmor-at295b-mau-den-nap-em-at295b
1844,AT518,ATMOR,"Bồn cầu 1 khối ATMOR AT518 nắp êm xả nhấn",5.390.000đ,,bon-cau-1-khoi-atmor-at518-nap-em-xa-nhan-at518
1852,AT5204S,ATMOR,"Bồn cầu xí xổm vệ sinh ATMOR",2.112.000đ,,bon-cau-xi-xom-ve-sinh-atmor-at5204s-at5204s
1842,AT541,ATMOR,"Bồn cầu 1 khối ATMOR AT541 nắp êm xả nhấn",4.851.000đ,,bon-cau-1-khoi-atmor-at541-nap-em-xa-nhan-at541
1843,AT8098,ATMOR,"Bồn cầu 1 khối ATMOR AT8098 nắp êm xả nhấn",5.544.000đ,,bon-cau-1-khoi-atmor-at8098-nap-em-xa-nhan-at8098
1845,AT815,ATMOR,"Bồn cầu 1 khối ATMOR AT815 nắp êm xả gạt",5.390.000đ,,bon-cau-1-khoi-atmor-at815-nap-em-xa-gat-at815
1846,AT8650,ATMOR,"Bồn cầu 1 khối ATMOR AT8650 nắp êm xả nhấn",4.081.000đ,,bon-cau-1-khoi-atmor-at8650-nap-em-xa-nhan-at8650
3593,AT8857,ATMOR,"Bồn cầu 2 khối ATMOR AT8857 nắp êm xả nhấn",4.158.000đ,,bon-cau-2-khoi-atmor-at8857-nap-em-xa-nhan-at8857
1848,AT8866,ATMOR,"Bồn cầu 1 khối ATMOR AT8866 nắp êm xả nhấn tiết kiệm nước",5.775.000đ,,bon-cau-1-khoi-atmor-at8866-nap-em-xa-nhan-tiet-kiem-nuoc-at8866
1847,AT8867,ATMOR,"Bồn cầu 1 khối ATMOR AT8867 nắp êm xả nhấn tiết kiệm nước",5.775.000đ,,bon-cau-1-khoi-atmor-at8867-nap-em-xa-nhan-tiet-kiem-nuoc-at8867
1849,AT8869,ATMOR,"Bồn cầu 1 khối ATMOR AT8869 nắp êm xả nhấn",5.550.000đ,,bon-cau-1-khoi-atmor-at8869-nap-em-xa-nhan-at8869
3594,S-1402.1/WT,ATMOR,"Bồn cầu 2 khối INNOCENCE ATMOR S-1402.1/WT",3.465.000đ,,bon-cau-2-khoi-innocence-atmor-s-14021wt-s-14021wt
3595,S-1407.1/WT,ATMOR,"Bồn cầu 2 khối ATMOR S-1407.1/WT",2.772.000đ,,bon-cau-2-khoi-atmor-s-14071wt-s-14071wt
3630,C1230,CAESAR,"Bồn cầu xí xổm Caesar",933.300đ,,bon-cau-xi-xom-caesar-c1230-c1230
3639,C1230+BF525A,CAESAR,"Bồn cầu CAESAR C1230 kèm nắp BF525A",3.082.380đ,C1230,bon-cau-caesar-c1230-kem-nap-bf525a
3633,C1250,CAESAR,"Bồn cầu xí xổm Caesar",1.020.600đ,,bon-cau-xi-xom-caesar-c1250-c1250
3640,C1250+BF523A,CAESAR,"Bồn cầu CAESAR C1250 kèm nắp BF523A",3.200.480đ,C1250,bon-cau-caesar-c1250-kem-nap-bf523a
3631,C1280,CAESAR,"Bồn cầu xí xổm Caesar",1.297.620đ,,bon-cau-xi-xom-caesar-c1280-c1280
942,C1353+TAF060,CAESAR,"Bồn cầu 1 khối CAESAR C1353 kèm nắp TAF060",7.447.020đ,C1353,bon-cau-1-khoi-caesar-c1353-kem-nap-taf060
929,C1356,CAESAR,"Bồn cầu 1 khối Caesar C1356 (CD1356) nắp đóng êm",3.736.800đ,,bon-cau-1-khoi-caesar-c1356-cd1356-nap-dong-em-c1356
1327,C1364F+TAF060,CAESAR,"Bồn cầu 1 khối CAESAR C1364F kèm nắp TAF060",8.864.350đ,C1364F,bon-cau-1-khoi-caesar-c1364f-kem-nap-taf060
1326,C1391+TAF060,CAESAR,"Bồn cầu 1 khối CAESAR C1391 kèm nắp TAF060",4.378.420đ,C1391,bon-cau-1-khoi-caesar-c1391-kem-nap-taf060
1323,C1391+TAF400H,CAESAR,"Bồn cầu 1 khối CAESAR C1391 kèm nắp TAF400H",8.195.040đ,C1391,bon-cau-1-khoi-caesar-c1391-kem-nap-taf400h
1321,C1391F+TAF512H,CAESAR,"Bồn cầu 1 khối CAESAR C1391F kèm nắp TAF512H",11.792.520đ,C1391F,bon-cau-1-khoi-caesar-c1391f-kem-nap-taf512h
1322,C1391F+TAF710H,CAESAR,"Bồn cầu 1 khối CAESAR C1391F kèm nắp TAF710H",10.258.600đ,C1391F,bon-cau-1-khoi-caesar-c1391f-kem-nap-taf710h
935,C1395,CAESAR,"Bồn cầu 1 khối Caesar C1395 (CD1395) nắp đóng êm",4.230.240đ,,bon-cau-1-khoi-caesar-c1395-cd1395-nap-dong-em-c1395
1324,CA1389H,CAESAR,"Bồn cầu điện tử thông minh Caesar",20.371.520đ,,bon-cau-dien-tu-thong-minh-caesar-ca1389h-ca1389h
995,CD1320,CAESAR,"Bồn cầu 2 khối Caesar CD1320 nắp đóng êm",2.232.440đ,,bon-cau-2-khoi-caesar-cd1320-nap-dong-em-cd1320
938,CD1320+TAF060,CAESAR,"Bồn cầu 2 khối CAESAR CD1320 kèm nắp TAF060",2.698.920đ,CD1320,bon-cau-2-khoi-caesar-cd1320-kem-nap-taf060
987,CD1320+TAF400H,CAESAR,"Bồn cầu 2 khối CAESAR CD1320 kèm nắp TAF400H",6.926.150đ,CD1320,bon-cau-2-khoi-caesar-cd1320-kem-nap-taf400h
985,CD1320+TAF512H,CAESAR,"Bồn cầu 2 khối CAESAR CD1320 kèm nắp TAF512H",10.689.840đ,CD1320,bon-cau-2-khoi-caesar-cd1320-kem-nap-taf512h
1315,CD1325,CAESAR,"Bồn cầu 2 khối Caesar CD1325 nắp thường",2.169.620đ,,bon-cau-2-khoi-caesar-cd1325-nap-thuong-cd1325
1328,CD1325+TAF060,CAESAR,"Bồn cầu 2 khối CAESAR CD1325 kèm nắp TAF060",3.487.260đ,CD1325,bon-cau-2-khoi-caesar-cd1325-kem-nap-taf060
993,CD1338,CAESAR,"Bồn cầu 2 khối Caesar CD1338 nắp thường",1.810.900đ,,bon-cau-2-khoi-caesar-cd1338-nap-thuong-cd1338
1329,CD1338+TAF060,CAESAR,"Bồn cầu 2 khối CAESAR CD1338 kèm nắp TAF060",3.136.200đ,CD1338,bon-cau-2-khoi-caesar-cd1338-kem-nap-taf060
990,CD1340,CAESAR,"Bồn cầu 2 khối Caesar CD1340 nắp đóng êm",2.351.700đ,,bon-cau-2-khoi-caesar-cd1340-nap-dong-em-cd1340
937,CD1340+TAF060,CAESAR,"Bồn cầu 2 khối CAESAR CD1340 kèm nắp TAF060",2.804.640đ,CD1340,bon-cau-2-khoi-caesar-cd1340-kem-nap-taf060
986,CD1340+TAF400H,CAESAR,"Bồn cầu 2 khối CAESAR CD1340 kèm nắp TAF400H",7.110.400đ,CD1340,bon-cau-2-khoi-caesar-cd1340-kem-nap-taf400h
984,CD1340+TAF512H,CAESAR,"Bồn cầu 2 khối CAESAR CD1340 kèm nắp TAF512H",10.870.740đ,CD1340,bon-cau-2-khoi-caesar-cd1340-kem-nap-taf512h
991,CD1341,CAESAR,"Bồn cầu 2 khối Caesar CD1341 nắp đóng êm",2.927.600đ,,bon-cau-2-khoi-caesar-cd1341-nap-dong-em-cd1341
1330,CD1341+TAF060,CAESAR,"Bồn cầu 2 khối CAESAR CD1341 kèm nắp TAF060",4.104.080đ,CD1341,bon-cau-2-khoi-caesar-cd1341-kem-nap-taf060
996,CD1342,CAESAR,"Bồn cầu 2 khối CAESAR CD1342 nắp đóng êm",2.923.200đ,,bon-cau-2-khoi-caesar-cd1342-nap-dong-em-cd1342
1331,CD1342+TAF060,CAESAR,"Bồn cầu 2 khối CAESAR CD1342 kèm nắp TAF060",4.104.080đ,CD1342,bon-cau-2-khoi-caesar-cd1342-kem-nap-taf060
930,CD1356+TAF060,CAESAR,"Bồn cầu 1 khối CAESAR CD1356 kèm nắp TAF060",4.844.280đ,CD1356,bon-cau-1-khoi-caesar-cd1356-kem-nap-taf060
948,CD1356+TAF400H,CAESAR,"Bồn cầu 1 khối CAESAR CD1356 kèm nắp TAF400H",9.868.070đ,CD1356,bon-cau-1-khoi-caesar-cd1356-kem-nap-taf400h
1313,CD1356+TAF512H,CAESAR,"Bồn cầu 1 khối CAESAR CD1356 kèm nắp TAF512H",13.686.190đ,CD1356,bon-cau-1-khoi-caesar-cd1356-kem-nap-taf512h
1325,CD1363+TAF060,CAESAR,"Bồn cầu 1 khối CAESAR CD1363 kèm nắp TAF060",6.362.820đ,CD1363,bon-cau-1-khoi-caesar-cd1363-kem-nap-taf060
981,CD1363+TAF400H,CAESAR,"Bồn cầu 1 khối CAESAR CD1363 kèm nắp TAF400H",10.000.040đ,CD1363,bon-cau-1-khoi-caesar-cd1363-kem-nap-taf400h
983,CD1363+TAF512H,CAESAR,"Bồn cầu 1 khối CAESAR CD1363 kèm nắp TAF512H",13.817.630đ,CD1363,bon-cau-1-khoi-caesar-cd1363-kem-nap-taf512h
945,CD1374+TAF060,CAESAR,"Bồn cầu 1 khối CAESAR CD1374 kèm nắp TAF060",4.785.040đ,CD1374,bon-cau-1-khoi-caesar-cd1374-kem-nap-taf060
944,CD1374+TAF400H,CAESAR,"Bồn cầu 1 khối CAESAR CD1374 kèm nắp TAF400H",8.468.720đ,CD1374,bon-cau-1-khoi-caesar-cd1374-kem-nap-taf400h
947,CD1374+TAF512H,CAESAR,"Bồn cầu 1 khối CAESAR CD1374 kèm nắp TAF512H",12.214.800đ,CD1374,bon-cau-1-khoi-caesar-cd1374-kem-nap-taf512h
940,CD1375,CAESAR,"Bồn cầu 1 khối Caesar C1375 nắp đóng êm",3.938.220đ,,bon-cau-1-khoi-caesar-c1375-cd1375-nap-dong-em-cd1375
941,CD1375+TAF060,CAESAR,"Bồn cầu 1 khối CAESAR CD1375 kèm nắp TAF060",5.078.580đ,CD1375,bon-cau-1-khoi-caesar-cd1375-kem-nap-taf060
980,CD1375+TAF400H,CAESAR,"Bồn cầu 1 khối CAESAR CD1375 kèm nắp TAF400H",9.032.260đ,CD1375,bon-cau-1-khoi-caesar-cd1375-kem-nap-taf400h
946,CD1375+TAF512H,CAESAR,"Bồn cầu 1 khối CAESAR CD1375 kèm nắp TAF512H",12.607.920đ,CD1375,bon-cau-1-khoi-caesar-cd1375-kem-nap-taf512h
982,CD1394+TAF060,CAESAR,"Bồn cầu 1 khối CAESAR CD1394 kèm nắp TAF060",5.558.110đ,CD1394,bon-cau-1-khoi-caesar-cd1394-kem-nap-taf060
979,CD1394+TAF400H,CAESAR,"Bồn cầu 1 khối CAESAR CD1394 kèm nắp TAF400H",9.313.160đ,CD1394,bon-cau-1-khoi-caesar-cd1394-kem-nap-taf400h
1320,CD1394+TAF512H,CAESAR,"Bồn cầu 1 khối CAESAR CD1394 kèm nắp TAF512H",13.130.750đ,CD1394,bon-cau-1-khoi-caesar-cd1394-kem-nap-taf512h
933,CD1395+TAF060,CAESAR,"Bồn cầu 1 khối CAESAR CD1395 kèm nắp TAF060",4.856.720đ,CD1395,bon-cau-1-khoi-caesar-cd1395-kem-nap-taf060
936,CD1395+TAF400H,CAESAR,"Bồn cầu 1 khối CAESAR CD1395 kèm nắp TAF400H",8.698.560đ,CD1395,bon-cau-1-khoi-caesar-cd1395-kem-nap-taf400h
939,CD1395+TAF512H,CAESAR,"Bồn cầu 1 khối CAESAR CD1395 kèm nắp TAF512H",12.409.740đ,CD1395,bon-cau-1-khoi-caesar-cd1395-kem-nap-taf512h
1318,CDS1325,CAESAR,"Bồn cầu 2 khối Caesar CDS1325 nắp êm",2.349.480đ,,bon-cau-2-khoi-caesar-cds1325-nap-em-cds1325
994,CDS1338,CAESAR,"Bồn cầu 2 khối Caesar CDS1338 nắp êm",1.952.940đ,,bon-cau-2-khoi-caesar-cds1338-nap-em-cds1338
1970,CP1333,CAESAR,"Bồn cầu đặt sàn Caesar CP1333 nắp thường (van xả trực tiếp)",1.730.160đ,,bon-cau-dat-san-caesar-cp1333-nap-thuong-van-xa-truc-tiep-cp1333
1980,CP1333+BF521A,CAESAR,"Bồn cầu CAESAR CP1333 kèm nắp BF521A",3.872.780đ,CP1333,bon-cau-caesar-cp1333-kem-nap-bf521a
1319,CPT1332,CAESAR,"Bồn cầu 2 khối Caesar CPT1332 nắp thường",2.623.720đ,,bon-cau-2-khoi-caesar-cpt1332-nap-thuong-cpt1332
3596,CPT1505,CAESAR,"Bồn cầu treo tường Caesar CPT1505 gồm két nước âm tường",8.210.160đ,,bon-cau-treo-tuong-caesar-cpt1505-gom-ket-nuoc-am-tuong-cpt1505
3634,CS1230,CAESAR,"Bồn cầu xí xổm Caesar",1.652.400đ,,bon-cau-xi-xom-caesar-cs1230-cs1230
3632,CS1280,CAESAR,"Bồn cầu xí xổm Caesar",2.008.730đ,,bon-cau-xi-xom-caesar-cs1280-cs1280
1316,CT1026,CAESAR,"Bồn cầu trẻ em 2 khối Caesar CT1026 nắp êm",1.643.830đ,,bon-cau-tre-em-2-khoi-caesar-ct1026-nap-em-ct1026
1314,CT1325,CAESAR,"Bồn cầu 2 khối Caesar CT1325 nắp thường",1.972.080đ,,bon-cau-2-khoi-caesar-ct1325-nap-thuong-ct1325
989,CT1338,CAESAR,"Bồn cầu 2 khối Caesar CT1338 nắp thường",1.638.400đ,,bon-cau-2-khoi-caesar-ct1338-nap-thuong-ct1338
1317,CTS1325,CAESAR,"Bồn cầu 2 khối Caesar CTS1325 nắp êm",2.124.800đ,,bon-cau-2-khoi-caesar-cts1325-nap-em-cts1325
992,CTS1338,CAESAR,"Bồn cầu 2 khối Caesar CTS1338 nắp êm",1.775.800đ,,bon-cau-2-khoi-caesar-cts1338-nap-em-cts1338
3032,C100207,COTTO,"Bồn cầu 1 khối COTTO C100207 nắp êm dòng Oval",10.500.000đ,,bon-cau-1-khoi-cotto-c100207-nap-em-dong-oval-c100207
3035,C10147,COTTO,"Bồn cầu 1 khối COTTO C10147 nắp êm dòng Thantara",10.880.000đ,,bon-cau-1-khoi-cotto-c10147-nap-em-dong-thantara-c10147
3042,C1015,COTTO,"Bồn cầu 1 khối COTTO C1015 nắp êm dòng Macc",5.625.000đ,,bon-cau-1-khoi-cotto-c1015-nap-em-dong-macc-c1015
3174,C101927(CV9),COTTO,"Bồn cầu 1 khối nắp điện tử COTTO C101927(CV9) Hercules Curve",33.600.000đ,,bon-cau-1-khoi-nap-dien-tu-cotto-c101927cv9-hercules-curve
3181,C10207,COTTO,"Bồn cầu điện tử thông minh dòng Verzo COTTO",37.760.000đ,,bon-cau-dien-tu-thong-minh-dong-verzo-cotto-c10207-c10207
3183,C10217,COTTO,"Bồn cầu thông minh dòng Vizio COTTO",57.600.000đ,,bon-cau-thong-minh-dong-vizio-cotto-c10217-c10217
3182,C10257,COTTO,"Bồn cầu điện tử thông minh dòng Optimum COTTO",37.760.000đ,,bon-cau-dien-tu-thong-minh-dong-optimum-cotto-c10257-c10257
3036,C102807,COTTO,"Bồn cầu 1 khối COTTO C102807 nắp êm dòng Skive",10.500.000đ,,bon-cau-1-khoi-cotto-c102807-nap-em-dong-skive-c102807
3207,C103257,COTTO,"Bồn cầu 1 khối COTTO C103257 nắp êm dòng Simply Modish",12.750.000đ,,bon-cau-1-khoi-cotto-c103257-nap-em-dong-simply-modish-c103257
3173,C10327(CV8),COTTO,"Bồn cầu 1 khối nắp điện tử COTTO C10327(CV8) Simply Modish",26.625.000đ,,bon-cau-1-khoi-nap-dien-tu-cotto-c10327cv8-simply-modish
3037,C1032MBK,COTTO,"Bồn cầu 1 khối COTTO C1032MBK nắp êm dòng Simply Modish",15.000.000đ,,bon-cau-1-khoi-cotto-c1032mbk-nap-em-dong-simply-modish-c1032mbk
3033,C103327,COTTO,"Bồn cầu 1 khối COTTO C103327 nắp êm dòng Simply Connect",9.750.000đ,,bon-cau-1-khoi-cotto-c103327-nap-em-dong-simply-connect-c103327
3170,C103327(CV4),COTTO,"Bồn cầu 1 khối nắp điện tử COTTO C103327(CV4) Simply Connect",20.300.000đ,,bon-cau-1-khoi-nap-dien-tu-cotto-c103327cv4-simply-connect
3031,C103357,COTTO,"Bồn cầu 1 khối COTTO C103357 nắp êm dòng Simply Connect",11.625.000đ,,bon-cau-1-khoi-cotto-c103357-nap-em-dong-simply-connect-c103357
3038,C10347,COTTO,"Bồn cầu 1 khối COTTO C10347 nắp êm dòng Pause",11.520.000đ,,bon-cau-1-khoi-cotto-c10347-nap-em-dong-pause-c10347
3039,C10357,COTTO,"Bồn cầu 1 khối COTTO C10357 nắp êm dòng Veranda",13.320.000đ,,bon-cau-1-khoi-cotto-c10357-nap-em-dong-veranda-c10357
3040,C105257,COTTO,"Bồn cầu 1 khối COTTO C105257 nắp êm dòng Riviera Pro",10.125.000đ,,bon-cau-1-khoi-cotto-c105257-nap-em-dong-riviera-pro-c105257
3169,C105267(CV10),COTTO,"Bồn cầu 1 khối nắp điện tử COTTO C105267(CV10) Riviera Pro",31.500.000đ,,bon-cau-1-khoi-nap-dien-tu-cotto-c105267cv10-riviera-pro
3041,C1053,COTTO,"Bồn cầu 1 khối COTTO C1053 nắp êm dòng Micc",5.625.000đ,,bon-cau-1-khoi-cotto-c1053-nap-em-dong-micc-c1053
3628,C105337(CN5),COTTO,"Bồn cầu 1 khối nắp rửa cơ COTTO C105337(CN5) Most",6.750.000đ,,bon-cau-1-khoi-nap-rua-co-cotto-c105337cn5-most
3043,C105407,COTTO,"Bồn cầu 1 khối COTTO C105407 nắp êm dòng Valento",7.548.750đ,,bon-cau-1-khoi-cotto-c105407-nap-em-dong-valento-c105407
3044,C105507,COTTO,"Bồn cầu 1 khối COTTO C105507 nắp êm dòng Mood",7.500.000đ,,bon-cau-1-khoi-cotto-c105507-nap-em-dong-mood-c105507
3205,C107127,COTTO,"Bồn cầu 1 khối COTTO C107127 nắp êm dòng Grand Tetragon",10.500.000đ,,bon-cau-1-khoi-cotto-c107127-nap-em-dong-grand-tetragon-c107127
3629,C107127(CN),COTTO,"Bồn cầu 1 khối nắp rửa cơ COTTO C107127(CN) Grand Tetragon",12.000.000đ,,bon-cau-1-khoi-nap-rua-co-cotto-c107127cn-grand-tetragon
3206,C107147,COTTO,"Bồn cầu 1 khối COTTO C107147 nắp êm dòng Grand Tetragon",11.250.000đ,,bon-cau-1-khoi-cotto-c107147-nap-em-dong-grand-tetragon-c107147
3204,C10717,COTTO,"Bồn cầu 1 khối COTTO C10717 nắp êm",11.250.000đ,,bon-cau-1-khoi-cotto-c10717-nap-em-c10717
3034,C110507,COTTO,"Bồn cầu 1 khối COTTO C110507 nắp êm dòng Harmony",9.000.000đ,,bon-cau-1-khoi-cotto-c110507-nap-em-dong-harmony-c110507
3175,C110507(CV3),COTTO,"Bồn cầu 1 khối nắp điện tử COTTO C110507(CV3) Harmony",19.250.000đ,,bon-cau-1-khoi-nap-dien-tu-cotto-c110507cv3-harmony
3171,C110507(CV5),COTTO,"Bồn cầu 1 khối nắp điện tử COTTO C110507(CV5) Harmony",18.900.000đ,,bon-cau-1-khoi-nap-dien-tu-cotto-c110507cv5-harmony
3172,C110507(CV6),COTTO,"Bồn cầu 1 khối nắp điện tử COTTO C110507(CV6) Harmony",19.250.000đ,,bon-cau-1-khoi-nap-dien-tu-cotto-c110507cv6-harmony
3026,C110517,COTTO,"Bồn cầu 1 khối COTTO C110517 nắp êm dòng Harmony",10.500.000đ,,bon-cau-1-khoi-cotto-c110517-nap-em-dong-harmony-c110517
3045,C1142,COTTO,"Bồn cầu 1 khối COTTO C1142 nắp êm dòng Priz II",6.000.000đ,,bon-cau-1-khoi-cotto-c1142-nap-em-dong-priz-ii-c1142
3195,C12417,COTTO,"Bồn cầu 2 khối COTTO C12417 nắp êm dòng Simply Modish",8.250.000đ,,bon-cau-2-khoi-cotto-c12417-nap-em-dong-simply-modish-c12417
3196,C125317,COTTO,"Bồn cầu 2 khối COTTO C125317 nắp êm dòng Simply Connect",7.500.000đ,,bon-cau-2-khoi-cotto-c125317-nap-em-dong-simply-connect-c125317
3180,C125317(CV4),COTTO,"Bồn cầu 2 khối nắp điện tử COTTO C125317(CV4) Simply Connect",17.500.000đ,,bon-cau-2-khoi-nap-dien-tu-cotto-c125317cv4-simply-connect
3030,C125337,COTTO,"Bồn cầu 2 khối COTTO C125337 nắp êm dòng Simply Connect",9.000.000đ,,bon-cau-2-khoi-cotto-c125337-nap-em-dong-simply-connect-c125337
3197,C126207,COTTO,"Bồn cầu 2 khối COTTO C126207 nắp êm dòng Mood",6.000.000đ,,bon-cau-2-khoi-cotto-c126207-nap-em-dong-mood-c126207
3028,C126227,COTTO,"Bồn cầu 2 khối COTTO C126227 nắp êm dòng Mood",8.250.000đ,,bon-cau-2-khoi-cotto-c126227-nap-em-dong-mood-c126227
1973,C1320,COTTO,"Bồn cầu đặt sàn COTTO C1320 nắp êm dòng Simply Modish",2.800.000đ,,bon-cau-dat-san-cotto-c1320-nap-em-dong-simply-modish-c1320
1974,C1322,COTTO,"Bồn cầu đặt sàn COTTO C1322 nắp êm dòng Munich II",6.750.000đ,,bon-cau-dat-san-cotto-c1322-nap-em-dong-munich-ii-c1322
1975,C1322BI,COTTO,"Bồn cầu đặt sàn COTTO C1322BI nắp êm dòng Munich II",6.750.000đ,,bon-cau-dat-san-cotto-c1322bi-nap-em-dong-munich-ii-c1322bi
1982,C1323,COTTO,"Bồn cầu đặt sàn COTTO C1323 van xả trực tiếp Duble nắp đóng êm",3.375.000đ,,bon-cau-dat-san-cotto-c1323-van-xa-truc-tiep-duble-nap-dong-em-c1323
3203,C13330,COTTO,"Bồn cầu 2 khối COTTO C13330 nắp êm dòng Sella",2.838.750đ,,bon-cau-2-khoi-cotto-c13330-nap-em-dong-sella-c13330
3194,C135107,COTTO,"Bồn cầu 2 khối COTTO C135107 nắp êm dòng Hercules Curve",9.000.000đ,,bon-cau-2-khoi-cotto-c135107-nap-em-dong-hercules-curve-c135107
3179,C135127(CV9),COTTO,"Bồn cầu 2 khối nắp điện tử COTTO C135127(CV9) Hercules Curve",36.000.000đ,,bon-cau-2-khoi-nap-dien-tu-cotto-c135127cv9-hercules-curve
3027,C135137,COTTO,"Bồn cầu 2 khối COTTO C135137 nắp êm dòng Hercules Curve",12.375.000đ,,bon-cau-2-khoi-cotto-c135137-nap-em-dong-hercules-curve-c135137
3200,C13537,COTTO,"Bồn cầu 2 khối COTTO C13537 nắp êm dòng Riviera Pro",12.375.000đ,,bon-cau-2-khoi-cotto-c13537-nap-em-dong-riviera-pro-c13537
3176,C13547(CV10),COTTO,"Bồn cầu 2 khối nắp điện tử COTTO C13547(CV10) Riviera Pro",30.000.000đ,,bon-cau-2-khoi-nap-dien-tu-cotto-c13547cv10-riviera-pro
3198,C167507,COTTO,"Bồn cầu 2 khối COTTO C167507 nắp êm dòng Harmony",7.500.000đ,,bon-cau-2-khoi-cotto-c167507-nap-em-dong-harmony-c167507
3177,C167507(CV3),COTTO,"Bồn cầu 2 khối nắp điện tử COTTO C167507(CV3) Harmony",19.600.000đ,,bon-cau-2-khoi-nap-dien-tu-cotto-c167507cv3-harmony
3178,C167507(CV6),COTTO,"Bồn cầu 2 khối nắp điện tử COTTO C167507(CV6) Harmony",19.600.000đ,,bon-cau-2-khoi-nap-dien-tu-cotto-c167507cv6-harmony
3029,C167517,COTTO,"Bồn cầu 2 khối COTTO C167517 nắp êm dòng Harmony",9.750.000đ,,bon-cau-2-khoi-cotto-c167517-nap-em-dong-harmony-c167517
3191,C16817,COTTO,"Bồn cầu 2 khối COTTO C16817 nắp êm dòng 3x3-E1",7.650.000đ,,bon-cau-2-khoi-cotto-c16817-nap-em-dong-3x3-e1-c16817
3192,C16897,COTTO,"Bồn cầu 2 khối COTTO C16897 nắp êm dòng 3x3-R3",6.400.000đ,,bon-cau-2-khoi-cotto-c16897-nap-em-dong-3x3-r3-c16897
3193,C17017,COTTO,"Bồn cầu 2 khối COTTO C17017 nắp êm dòng Space Solution",6.562.500đ,,bon-cau-2-khoi-cotto-c17017-nap-em-dong-space-solution-c17017
3199,C17027,COTTO,"Bồn cầu 2 khối COTTO C17027 nắp êm dòng Space Solution",5.250.000đ,,bon-cau-2-khoi-cotto-c17027-nap-em-dong-space-solution-c17027
3210,SC19337,COTTO,"Bồn cầu treo tường COTTO SC19337 nắp êm dòng Thantara",15.050.000đ,,bon-cau-treo-tuong-cotto-sc19337-nap-em-dong-thantara-sc19337
1977,SC19507(F),COTTO,"Bồn cầu đặt sàn COTTO SC19507(F) nắp êm dòng Oval",12.375.000đ,,bon-cau-dat-san-cotto-sc19507f-nap-em-dong-oval
3208,SC19517(F),COTTO,"Bồn cầu treo tường COTTO SC19517(F) nắp êm dòng Oval",12.600.000đ,,bon-cau-treo-tuong-cotto-sc19517f-nap-em-dong-oval
3211,SC197627(F),COTTO,"Bồn cầu treo tường COTTO SC197627(F) nắp êm dòng Simply Modish",15.400.000đ,,bon-cau-treo-tuong-cotto-sc197627f-nap-em-dong-simply-modish
1976,SC19847(F),COTTO,"Bồn cầu đặt sàn COTTO SC19847(F) nắp êm dòng Tetragon",13.300.000đ,,bon-cau-dat-san-cotto-sc19847f-nap-em-dong-tetragon
3212,SC198517(F),COTTO,"Bồn cầu treo tường COTTO SC198517(F) nắp êm dòng Unique",12.950.000đ,,bon-cau-treo-tuong-cotto-sc198517f-nap-em-dong-unique
3215,SC198717(F)+C962100+C942100,COTTO,"Bồn cầu treo tường COTTO SC198717(F) kèm nắp C962100; nắp C942100",15.400.000đ,SC198717(F),bon-cau-treo-tuong-cotto-sc198717f-kem-nap-c962100-nap-c942100
3209,SC198817(F),COTTO,"Bồn cầu treo tường COTTO SC198817(F) nắp êm",13.650.000đ,,bon-cau-treo-tuong-cotto-sc198817f-nap-em
3213,SC199(F),COTTO,"Bồn cầu treo tường COTTO SC199(F) nắp êm dòng Avanti",9.315.000đ,,bon-cau-treo-tuong-cotto-sc199f-nap-em-dong-avanti
3214,SC199(T),COTTO,"Bồn cầu treo tường COTTO SC199(T) nắp êm dòng Avanti",9.450.000đ,,bon-cau-treo-tuong-cotto-sc199t-nap-em-dong-avanti
3202,SC6652WH,COTTO,"Bồn cầu 2 khối COTTO SC6652WH nắp êm dòng Forall 40",6.750.000đ,,bon-cau-2-khoi-cotto-sc6652wh-nap-em-dong-forall-40-sc6652wh
3201,SC6657WH,COTTO,"Bồn cầu 2 khối COTTO SC6657WH nắp êm dòng Forall",6.750.000đ,,bon-cau-2-khoi-cotto-sc6657wh-nap-em-dong-forall-sc6657wh
4261,2157010083+006059000+0014160000,Duravit,"Bộ bồn cầu 1 khối Duravit 2157010083 kèm nút xả 006059000; nút xả 0014160000",32.589.600đ,2157010083,bo-bon-cau-1-khoi-duravit-2157010083-kem-nut-xa-006059000-nut-xa-0014160000
4260,2173010001+0020290000+0014160000,Duravit,"Bộ bồn cầu 1 khối Duravit 2173010001 kèm nút xả 0020290000; nút xả 0014160000",28.184.000đ,2173010001,bo-bon-cau-1-khoi-duravit-2173010001-kem-nut-xa-0020290000-nut-xa-0014160000
4262,2181090000+0920800085+0023090000,Duravit,"Bộ bồn cầu 2 khối Duravit 2181090000 kèm nắp 0920800085; nút xả 0023090000",14.688.800đ,2181090000,bo-bon-cau-2-khoi-duravit-2181090000-kem-nap-0920800085-nut-xa-0023090000
4257,2221090000+0064590000+WD1011000000+WD5001021000,Duravit,"Bộ bồn cầu treo tường Duravit 2221090000 kèm nút xả 0064590000; khung treo WD1011000000; khung treo WD5001021000",50.505.600đ,2221090000,bo-bon-cau-treo-tuong-duravit-2221090000-kem-nut-xa-0064590000-khung-treo-wd1011000000-khung-treo-wd5001021000
4258,2544090000+0069890000+WD1011000000+WD5001021000,Duravit,"Bộ bồn cầu treo tường Duravit 2544090000 kèm nút xả 0069890000; khung treo WD1011000000; khung treo WD5001021000",46.472.000đ,2544090000,bo-bon-cau-treo-tuong-duravit-2544090000-kem-nut-xa-0069890000-khung-treo-wd1011000000-khung-treo-wd5001021000
4259,2561090000+0020390000+WD1011000000+WD5001021000,Duravit,"Bộ bồn cầu treo tường Duravit 2561090000 kèm nút xả 0020390000; khung treo WD1011000000; khung treo WD5001021000",49.287.200đ,2561090000,bo-bon-cau-treo-tuong-duravit-2561090000-kem-nut-xa-0020390000-khung-treo-wd1011000000-khung-treo-wd5001021000
1927,100995SH00,GROHE,"Bồn cầu 1 khối Euro Ceramic 2.0 GROHE",10.918.000đ,,bon-cau-1-khoi-euro-ceramic-20-grohe-100995sh00-100995sh00
3607,102914SH00,GROHE,"Bồn cầu treo tường thông minh IGINA GROHE",68.680.000đ,,bon-cau-treo-tuong-thong-minh-igina-grohe-102914sh00-102914sh00
3599,102915SH00,GROHE,"Bồn cầu treo tường thông minh IGINA GROHE",78.200.000đ,,bon-cau-treo-tuong-thong-minh-igina-grohe-102915sh00-102915sh00
3591,115609,GROHE,"Bồn cầu 1 khối GROHE",10.800.000đ,,bon-cau-1-khoi-grohe-115609-115609
1935,36492SH0,GROHE,"Bồn cầu đặt sàn cảm ứng Sensia Arena GROHE",141.360.000đ,,bon-cau-dat-san-cam-ung-sensia-arena-grohe-36492sh0-36492sh0
931,36543SH0,GROHE,"Bồn cầu đặt sàn thông minh IGINA GROHE",53.320.000đ,,bon-cau-dat-san-thong-minh-igina-grohe-36543sh0-36543sh0
3608,36552SH0,GROHE,"Bồn cầu treo tường thông minh IGINA GROHE",73.730.000đ,,bon-cau-treo-tuong-thong-minh-igina-grohe-36552sh0-36552sh0
3592,39075001,GROHE,"Bồn cầu 1 khối Eurocosmo GROHE",30.733.000đ,,bon-cau-1-khoi-eurocosmo-grohe-39075001-39075001
1932,39119001,GROHE,"Bồn cầu 1 khối Eurosmart GROHE",20.527.600đ,,bon-cau-1-khoi-eurosmart-grohe-39119001-39119001
1933,39126001,GROHE,"Bồn cầu treo tường Eurosmart GROHE",11.504.800đ,,bon-cau-treo-tuong-eurosmart-grohe-39126001-39126001
1930,39205000,GROHE,"Bồn cầu treo tường Eurosmart GROHE",11.505.000đ,,bon-cau-treo-tuong-eurosmart-grohe-39205000-39205000
1938,39244000,GROHE,"Bồn cầu treo tường Eurocube GROHE",12.920.000đ,,bon-cau-treo-tuong-eurocube-grohe-39244000-39244000
1937,39296000,GROHE,"Bồn cầu treo tường Eurocosmo GROHE",11.628.000đ,,bon-cau-treo-tuong-eurocosmo-grohe-39296000-39296000
1929,39310000,GROHE,"Bồn cầu một khối Eurostyle GROHE",30.260.000đ,,bon-cau-mot-khoi-eurostyle-grohe-39310000-39310000
1936,39316000,GROHE,"Bồn cầu 1 khối dòng Projectline GROHE",9.680.000đ,,bon-cau-1-khoi-dong-projectline-grohe-39316000-39316000
3609,39321000,GROHE,"Bồn cầu treo tường Projectline GROHE",14.508.000đ,,bon-cau-treo-tuong-projectline-grohe-39321000-39321000
3602,3932100A,GROHE,"Bồn cầu treo tường GROHE",11.607.000đ,,bon-cau-treo-tuong-grohe-3932100a-3932100a
1939,39354SH1,GROHE,"Bồn cầu treo tường thông minh Sensia Arena GROHE",123.380.000đ,,bon-cau-treo-tuong-thong-minh-sensia-arena-grohe-39354sh1-39354sh1
1931,39355SH0,GROHE,"Bồn cầu đặt sàn điện tử Sensia Arena GROHE",156.126.540đ,,bon-cau-dat-san-dien-tu-sensia-arena-grohe-39355sh0-39355sh0
1934,3957100H,GROHE,"Bồn cầu treo tường Essence GROHE",14.824.000đ,,bon-cau-treo-tuong-essence-grohe-3957100h-3957100h
3606,39743000,GROHE,"Bồn cầu treo tường GROHE",7.188.777đ,,bon-cau-treo-tuong-grohe-39743000-39743000
1928,39990000,GROHE,"Bồn cầu 1 khối Bau Ceramic GROHE",8.265.000đ,,bon-cau-1-khoi-bau-ceramic-grohe-39990000-39990000
270,AC-1008R+CW-H18VN/BW1,INAX,"Bồn cầu 1 khối INAX AC-1008R kèm nắp điện tử CW-H18VN",14.226.000đ,AC-1008R,bon-cau-1-khoi-inax-ac-1008r-kem-nap-dien-tu-cw-h18vn
1286,AC-1008R+CW-S32VN/BW1,INAX,"Bồn cầu 1 khối INAX AC-1008R kèm nắp rửa cơ CW-S32VN",9.858.000đ,AC-1008R,bon-cau-1-khoi-inax-ac-1008r-kem-nap-rua-co-cw-s32vn
251,AC-1008VRN/BW1,INAX,"Bồn cầu 1 khối INAX AC-1008VRN (AC1008VRN) nắp đóng êm",9.875.200đ,,bon-cau-1-khoi-inax-ac-1008vrn-ac1008vrn-nap-dong-em-ac-1008vrnbw1
1264,AC-1017R+CW-H17VN/BW1,INAX,"Bồn cầu 1 khối INAX AC-1017R kèm nắp điện tử CW-H17VN",13.104.300đ,AC-1017R,bon-cau-1-khoi-inax-ac-1017r-kem-nap-dien-tu-cw-h17vn
1263,AC-1017R+CW-KA22AVN/BW1,INAX,"Bồn cầu 1 khối INAX AC-1017R kèm nắp điện tử CW-KA22AVN",23.966.900đ,AC-1017R,bon-cau-1-khoi-inax-ac-1017r-kem-nap-dien-tu-cw-ka22avn
1287,AC-1017R+CW-S32VN/BW1,INAX,"Bồn cầu 1 khối INAX AC-1017R kèm nắp rửa cơ CW-S32VN",9.839.400đ,AC-1017R,bon-cau-1-khoi-inax-ac-1017r-kem-nap-rua-co-cw-s32vn
252,AC-1017VRN/BW1,INAX,"Bồn cầu 1 khối INAX AC-1017VRN (AC1017VRN) nắp đóng êm",9.639.000đ,,bon-cau-1-khoi-inax-ac-1017vrn-ac1017vrn-nap-dong-em-ac-1017vrnbw1
276,AC-1032+CW-KA22AVN/BW1,INAX,"Bồn cầu 1 khối INAX AC-1032 kèm nắp điện tử CW-KA22AVN",29.460.000đ,AC-1032,bon-cau-1-khoi-inax-ac-1032-kem-nap-dien-tu-cw-ka22avn
273,AC-1032+CW-S32VN/BW1,INAX,"Bồn cầu 1 khối INAX AC-1032 kèm nắp rửa cơ CW-S32VN",13.000.000đ,AC-1032,bon-cau-1-khoi-inax-ac-1032-kem-nap-rua-co-cw-s32vn
274,AC-1032VN/BW1,INAX,"Bồn cầu 1 khối INAX AC-1032VN (AC1032VN) nắp đóng êm",10.888.200đ,,bon-cau-1-khoi-inax-ac-1032vn-ac1032vn-nap-dong-em-ac-1032vnbw1
250,AC-1035VN/BW1,INAX,"Bồn cầu 1 khối INAX AC-1035VN (AC1035VN) nắp đóng êm",11.130.200đ,,bon-cau-1-khoi-inax-ac-1035vn-ac1035vn-nap-dong-em-ac-1035vnbw1
1283,AC-1052+CW-S32VN/BW1,INAX,"Bồn cầu 1 khối INAX AC-1052 kèm nắp rửa cơ CW-S32VN",16.795.400đ,AC-1052,bon-cau-1-khoi-inax-ac-1052-kem-nap-rua-co-cw-s32vn
275,AC-1052VN/BW1,INAX,"Bồn cầu 1 khối INAX AC-1052VN (AC1052VN) nắp đóng êm",14.293.600đ,,bon-cau-1-khoi-inax-ac-1052vn-ac1052vn-nap-dong-em-ac-1052vnbw1
258,AC-1135VN/BW1,INAX,"Bồn cầu 1 khối INAX AC-1135VN (AC1135VN) nắp đóng êm",11.304.400đ,,bon-cau-1-khoi-inax-ac-1135vn-ac1135vn-nap-dong-em-ac-1135vnbw1
1826,AC-22P+CW-H17VN/BW1,INAX,"Bồn cầu treo tường INAX AC-22P kèm nắp điện tử CW-H17VN",16.035.000đ,AC-22P,bon-cau-treo-tuong-inax-ac-22p-kem-nap-dien-tu-cw-h17vn
1824,AC-22P+CW-H18VN/BW1,INAX,"Bồn cầu treo tường INAX AC-22P kèm nắp điện tử CW-H18VN",16.785.000đ,AC-22P,bon-cau-treo-tuong-inax-ac-22p-kem-nap-dien-tu-cw-h18vn
1830,AC-22P+CW-KA22AVN/BW1,INAX,"Bồn cầu treo tường INAX AC-22P kèm nắp điện tử CW-KA22AVN",27.252.000đ,AC-22P,bon-cau-treo-tuong-inax-ac-22p-kem-nap-dien-tu-cw-ka22avn
1820,AC-22P+CW-S15VN/BW1,INAX,"Bồn cầu treo tường INAX AC-22P kèm nắp rửa cơ CW-S15VN",11.929.000đ,AC-22P,bon-cau-treo-tuong-inax-ac-22p-kem-nap-rua-co-cw-s15vn
1819,AC-22P+CW-S32VN/BW1,INAX,"Bồn cầu treo tường INAX AC-22P kèm nắp rửa cơ CW-S32VN",13.193.800đ,AC-22P,bon-cau-treo-tuong-inax-ac-22p-kem-nap-rua-co-cw-s32vn
997,AC-22PVN/BW1,INAX,"Bồn cầu treo tường INAX AC-22PVN (AC22PVN) nắp đóng êm",12.371.400đ,,bon-cau-treo-tuong-inax-ac-22pvn-ac22pvn-nap-dong-em-ac-22pvnbw1
1825,AC-23P+CW-H17VN/BW1,INAX,"Bồn cầu treo tường INAX AC-23P kèm nắp điện tử CW-H17VN",17.133.600đ,AC-23P,bon-cau-treo-tuong-inax-ac-23p-kem-nap-dien-tu-cw-h17vn
1823,AC-23P+CW-H18VN/BW1,INAX,"Bồn cầu treo tường INAX AC-23P kèm nắp điện tử CW-H18VN",18.603.200đ,AC-23P,bon-cau-treo-tuong-inax-ac-23p-kem-nap-dien-tu-cw-h18vn
1831,AC-23P+CW-KA22AVN/BW1,INAX,"Bồn cầu treo tường INAX AC-23P kèm nắp điện tử CW-KA22AVN",30.047.500đ,AC-23P,bon-cau-treo-tuong-inax-ac-23p-kem-nap-dien-tu-cw-ka22avn
1828,AC-23P+CW-KB22AVN/BW1,INAX,"Bồn cầu treo tường INAX AC-23P kèm nắp điện tử CW-KB22AVN",21.788.800đ,AC-23P,bon-cau-treo-tuong-inax-ac-23p-kem-nap-dien-tu-cw-kb22avn
1821,AC-23P+CW-S15VN/BW1,INAX,"Bồn cầu treo tường INAX AC-23P kèm nắp rửa cơ CW-S15VN",11.313.000đ,AC-23P,bon-cau-treo-tuong-inax-ac-23p-kem-nap-rua-co-cw-s15vn
1829,AC-23P+CW-S32VN/BW1,INAX,"Bồn cầu treo tường INAX AC-23P kèm nắp rửa cơ CW-S32VN",12.249.000đ,AC-23P,bon-cau-treo-tuong-inax-ac-23p-kem-nap-rua-co-cw-s32vn
998,AC-23PVN/BW1,INAX,"Bồn cầu treo tường INAX AC-23PVN (AC23PVN) nắp đóng êm",11.662.000đ,,bon-cau-treo-tuong-inax-ac-23pvn-ac23pvn-nap-dong-em-ac-23pvnbw1
1265,AC-2700+CW-H18VN/BW1,INAX,"Bồn cầu 1 khối INAX AC-2700 kèm nắp điện tử CW-H18VN",23.922.600đ,AC-2700,bon-cau-1-khoi-inax-ac-2700-kem-nap-dien-tu-cw-h18vn
268,AC-2700+CW-KA22AVN/BW1,INAX,"Bồn cầu 1 khối INAX AC-2700 kèm nắp điện tử CW-KA22AVN",27.803.800đ,AC-2700,bon-cau-1-khoi-inax-ac-2700-kem-nap-dien-tu-cw-ka22avn
269,AC-2700+CW-KB22AVN/BW1,INAX,"Bồn cầu 1 khối INAX AC-2700 kèm nắp điện tử CW-KB22AVN",20.897.500đ,AC-2700,bon-cau-1-khoi-inax-ac-2700-kem-nap-dien-tu-cw-kb22avn
249,AC-2700VN/BW1,INAX,"Bồn cầu 1 khối INAX AC-2700VN (AC2700VN) nắp đóng êm",11.877.300đ,,bon-cau-1-khoi-inax-ac-2700vn-ac2700vn-nap-dong-em-ac-2700vnbw1
1258,AC-4005+CW-H17VN/BW1,INAX,"Bồn cầu 1 khối INAX AC-4005 kèm nắp điện tử CW-H17VN",23.842.200đ,AC-4005,bon-cau-1-khoi-inax-ac-4005-kem-nap-dien-tu-cw-h17vn
248,AC-4005VN/BW1,INAX,"Bồn cầu 1 khối INAX AC-4005VN (AC4005VN) nắp đóng êm",13.804.000đ,,bon-cau-1-khoi-inax-ac-4005vn-ac4005vn-nap-dong-em-ac-4005vnbw1
266,AC-504A+CW-S15VN/BW1,INAX,"Bồn cầu 2 khối INAX AC-504A kèm nắp rửa cơ CW-S15VN",4.662.000đ,AC-504A,bon-cau-2-khoi-inax-ac-504a-kem-nap-rua-co-cw-s15vn
1288,AC-504A+CW-S32VN-1/BW1,INAX,"Bồn cầu 2 khối INAX AC-504A kèm nắp rửa cơ CW-S32VN-1",5.434.800đ,AC-504A,bon-cau-2-khoi-inax-ac-504a-kem-nap-rua-co-cw-s32vn-1
259,AC-504VAN/BW1,INAX,"Bồn cầu 2 khối INAX AC-504VAN (AC504VAN) nắp đóng êm",3.757.600đ,,bon-cau-2-khoi-inax-ac-504van-ac504van-nap-dong-em-ac-504vanbw1
283,AC-504VWN/BW1,INAX,"Bồn cầu 2 khối INAX AC-504VWN (AC504VWN) nắp đóng êm",3.593.100đ,,bon-cau-2-khoi-inax-ac-504vwn-ac504vwn-nap-dong-em-ac-504vwnbw1
1253,AC-602+CW-H17VN/BW1,INAX,"Bồn cầu 2 khối INAX AC-602 kèm nắp điện tử CW-H17VN",8.448.000đ,AC-602,bon-cau-2-khoi-inax-ac-602-kem-nap-dien-tu-cw-h17vn
1254,AC-602+CW-H18VN/BW1,INAX,"Bồn cầu 2 khối INAX AC-602 kèm nắp điện tử CW-H18VN",9.919.000đ,AC-602,bon-cau-2-khoi-inax-ac-602-kem-nap-dien-tu-cw-h18vn
1281,AC-602+CW-S15VN/BW1,INAX,"Bồn cầu 2 khối INAX AC-602 kèm nắp rửa cơ CW-S15VN",4.154.800đ,AC-602,bon-cau-2-khoi-inax-ac-602-kem-nap-rua-co-cw-s15vn
1280,AC-602+CW-S32VN/BW1,INAX,"Bồn cầu 2 khối INAX AC-602 kèm nắp rửa cơ CW-S32VN",4.692.000đ,AC-602,bon-cau-2-khoi-inax-ac-602-kem-nap-rua-co-cw-s32vn
261,AC-618VN/BW1,INAX,"Bồn cầu 1 khối nắp điện tử INAX AC-618VN (AC618VN)",67.614.000đ,,bon-cau-1-khoi-nap-dien-tu-inax-ac-618vn-ac618vn-ac-618vnbw1
277,AC-700A+CW-S15VN/BW1,INAX,"Bồn cầu 2 khối INAX AC-700A kèm nắp rửa cơ CW-S15VN",5.364.000đ,AC-700A,bon-cau-2-khoi-inax-ac-700a-kem-nap-rua-co-cw-s15vn
284,AC-700A+CW-S32VN/BW1,INAX,"Bồn cầu 2 khối INAX AC-700A kèm nắp rửa cơ CW-S32VN",6.003.000đ,AC-700A,bon-cau-2-khoi-inax-ac-700a-kem-nap-rua-co-cw-s32vn
263,AC-700VAN/BW1,INAX,"Bồn cầu 2 khối INAX AC-700VAN (AC700VAN) nắp đóng êm",3.987.000đ,,bon-cau-2-khoi-inax-ac-700van-ac700van-nap-dong-em-ac-700vanbw1
286,AC-832+CW-S15VN/BW1,INAX,"Bồn cầu 2 khối INAX AC-832 kèm nắp rửa cơ CW-S15VN",6.468.100đ,AC-832,bon-cau-2-khoi-inax-ac-832-kem-nap-rua-co-cw-s15vn
287,AC-832+CW-S32VN/BW1,INAX,"Bồn cầu 2 khối INAX AC-832 kèm nắp rửa cơ CW-S32VN",7.036.100đ,AC-832,bon-cau-2-khoi-inax-ac-832-kem-nap-rua-co-cw-s32vn
285,AC-832VN/BW1,INAX,"Bồn cầu 2 khối INAX AC-832VN (AC832VN) nắp đóng êm",5.891.100đ,,bon-cau-2-khoi-inax-ac-832vn-ac832vn-nap-dong-em-ac-832vnbw1
1257,AC-900R+CW-H18VN/BW1,INAX,"Bồn cầu 1 khối INAX AC-900R kèm nắp điện tử CW-H18VN",12.806.400đ,AC-900R,bon-cau-1-khoi-inax-ac-900r-kem-nap-dien-tu-cw-h18vn
267,AC-900R+CW-S15VN/BW1,INAX,"Bồn cầu 1 khối INAX AC-900R kèm nắp rửa cơ CW-S15VN",6.950.200đ,AC-900R,bon-cau-1-khoi-inax-ac-900r-kem-nap-rua-co-cw-s15vn
1284,AC-900R+CW-S32VN/BW1,INAX,"Bồn cầu 1 khối INAX AC-900R kèm nắp rửa cơ CW-S32VN",7.506.000đ,AC-900R,bon-cau-1-khoi-inax-ac-900r-kem-nap-rua-co-cw-s32vn
260,AC-900VRN/BW1,INAX,"Bồn cầu 1 khối INAX AC-900VRN (AC900VRN) nắp đóng êm",6.466.000đ,,bon-cau-1-khoi-inax-ac-900vrn-ac900vrn-nap-dong-em-ac-900vrnbw1
1256,AC-902+CW-H17VN/BW1,INAX,"Bồn cầu 1 khối INAX AC-902 kèm nắp điện tử CW-H17VN",11.809.600đ,AC-902,bon-cau-1-khoi-inax-ac-902-kem-nap-dien-tu-cw-h17vn
1255,AC-902+CW-H18VN/BW1,INAX,"Bồn cầu 1 khối INAX AC-902 kèm nắp điện tử CW-H18VN",12.574.200đ,AC-902,bon-cau-1-khoi-inax-ac-902-kem-nap-dien-tu-cw-h18vn
1259,AC-902+CW-KB22AVN/BW1,INAX,"Bồn cầu 1 khối INAX AC-902 kèm nắp điện tử CW-KB22AVN",16.422.300đ,AC-902,bon-cau-1-khoi-inax-ac-902-kem-nap-dien-tu-cw-kb22avn
1285,AC-902+CW-S15VN/BW1,INAX,"Bồn cầu 1 khối INAX AC-902 kèm nắp rửa cơ CW-S15VN",9.996.000đ,AC-902,bon-cau-1-khoi-inax-ac-902-kem-nap-rua-co-cw-s15vn
1282,AC-902+CW-S32VN/BW1,INAX,"Bồn cầu 1 khối INAX AC-902 kèm nắp rửa cơ CW-S32VN",7.588.800đ,AC-902,bon-cau-1-khoi-inax-ac-902-kem-nap-rua-co-cw-s32vn
1827,AC-952+CW-H17VN/BW1,INAX,"Bồn cầu treo tường INAX AC-952 kèm nắp điện tử CW-H17VN",17.410.500đ,AC-952,bon-cau-treo-tuong-inax-ac-952-kem-nap-dien-tu-cw-h17vn
1822,AC-952+CW-H18VN/BW1,INAX,"Bồn cầu treo tường INAX AC-952 kèm nắp điện tử CW-H18VN",17.629.500đ,AC-952,bon-cau-treo-tuong-inax-ac-952-kem-nap-dien-tu-cw-h18vn
1817,AC-952+CW-KA22AVN/BW1,INAX,"Bồn cầu treo tường INAX AC-952 kèm nắp điện tử CW-KA22AVN",28.641.600đ,AC-952,bon-cau-treo-tuong-inax-ac-952-kem-nap-dien-tu-cw-ka22avn
1832,AC-952+CW-KB22AVN/BW1,INAX,"Bồn cầu treo tường INAX AC-952 kèm nắp điện tử CW-KB22AVN",21.337.900đ,AC-952,bon-cau-treo-tuong-inax-ac-952-kem-nap-dien-tu-cw-kb22avn
1816,AC-952+CW-S15VN/BW1,INAX,"Bồn cầu treo tường INAX AC-952 kèm nắp rửa cơ CW-S15VN",13.127.400đ,AC-952,bon-cau-treo-tuong-inax-ac-952-kem-nap-rua-co-cw-s15vn
1818,AC-952+CW-S32VN/BW1,INAX,"Bồn cầu treo tường INAX AC-952 kèm nắp rửa cơ CW-S32VN",13.567.400đ,AC-952,bon-cau-treo-tuong-inax-ac-952-kem-nap-rua-co-cw-s32vn
999,AC-952VN/BW1,INAX,"Bồn cầu treo tường INAX AC-952VN (AC952VN) nắp đóng êm",13.087.200đ,,bon-cau-treo-tuong-inax-ac-952vn-ac952vn-nap-dong-em-ac-952vnbw1
1260,AC-959A+CW-H17VN/BW1,INAX,"Bồn cầu 1 khối INAX AC-959A kèm nắp điện tử CW-H17VN",10.223.600đ,AC-959A,bon-cau-1-khoi-inax-ac-959a-kem-nap-dien-tu-cw-h17vn
1266,AC-959A+CW-H18VN/BW1,INAX,"Bồn cầu 1 khối INAX AC-959A kèm nắp điện tử CW-H18VN",12.564.500đ,AC-959A,bon-cau-1-khoi-inax-ac-959a-kem-nap-dien-tu-cw-h18vn
1262,AC-959A+CW-KA22AVN/BW1,INAX,"Bồn cầu 1 khối INAX AC-959A kèm nắp điện tử CW-KA22AVN",21.370.800đ,AC-959A,bon-cau-1-khoi-inax-ac-959a-kem-nap-dien-tu-cw-ka22avn
1261,AC-959A+CW-KB22AVN/BW1,INAX,"Bồn cầu 1 khối INAX AC-959A kèm nắp điện tử CW-KB22AVN",14.952.300đ,AC-959A,bon-cau-1-khoi-inax-ac-959a-kem-nap-dien-tu-cw-kb22avn
264,AC-959A+CW-S15VN/BW1,INAX,"Bồn cầu 1 khối INAX AC-959A kèm nắp rửa cơ CW-S15VN",6.311.500đ,AC-959A,bon-cau-1-khoi-inax-ac-959a-kem-nap-rua-co-cw-s15vn
272,AC-959A+CW-S32VN/BW1,INAX,"Bồn cầu 1 khối INAX AC-959A kèm nắp rửa cơ CW-S32VN",6.515.200đ,AC-959A,bon-cau-1-khoi-inax-ac-959a-kem-nap-rua-co-cw-s32vn
262,AC-959VAN/BW1,INAX,"Bồn cầu 1 khối INAX AC-959VAN (AC959VAN) nắp đóng êm",6.118.000đ,,bon-cau-1-khoi-inax-ac-959van-ac959van-nap-dong-em-ac-959vanbw1
271,AC-969VN/BW1,INAX,"Bồn cầu 1 khối INAX AC-969VN (AC969VN) nắp đóng êm",4.402.000đ,,bon-cau-1-khoi-inax-ac-969vn-ac969vn-nap-dong-em-ac-969vnbw1
1252,AC-G216VN/BW1,INAX,"Bồn cầu điện tử Satis G INAX AC-G216VN màu trắng/ đen",72.998.100đ,,bon-cau-dien-tu-satis-g-inax-ac-g216vn-mau-trang-den-ac-g216vnbw1
256,C-108VA/BW1,INAX,"Bồn cầu 2 khối INAX C-108VA (C108VA) xả nhấn nắp thường",2.090.400đ,,bon-cau-2-khoi-inax-c-108va-c108va-xa-nhan-nap-thuong-c-108vabw1
278,C-108VAN/BW1,INAX,"Bồn cầu 2 khối INAX C-108VAN (C108VAN) nắp đóng êm",2.217.600đ,,bon-cau-2-khoi-inax-c-108van-c108van-nap-dong-em-c-108vanbw1
257,C-117VA/BW1,INAX,"Bồn cầu 2 khối INAX C-117VA (C117VA) xả gạt nắp thường",1.935.500đ,,bon-cau-2-khoi-inax-c-117va-c117va-xa-gat-nap-thuong-c-117vabw1
279,C-117VAN/BW1,INAX,"Bồn cầu 2 khối INAX C-117VAN (C117VAN) nắp đóng êm",2.088.000đ,,bon-cau-2-khoi-inax-c-117van-c117van-nap-dong-em-c-117vanbw1
255,C-306VA/BW1,INAX,"Bồn cầu 2 khối INAX C-306VA (C306VA) xả nhấn nắp thường",2.527.200đ,,bon-cau-2-khoi-inax-c-306va-c306va-xa-nhan-nap-thuong-c-306vabw1
280,C-306VAN/BW1,INAX,"Bồn cầu 2 khối INAX C-306VAN (C306VAN) nắp đóng êm",2.755.200đ,,bon-cau-2-khoi-inax-c-306van-c306van-nap-dong-em-c-306vanbw1
254,C-306VPT/BW1,INAX,"Bồn cầu 2 khối INAX C-306VPT (C306VPT) thoát ngang nắp thường",3.398.400đ,,bon-cau-2-khoi-inax-c-306vpt-c306vpt-thoat-ngang-nap-thuong-c-306vptbw1
281,C-306VPTN/BW1,INAX,"Bồn cầu 2 khối INAX C-306VPTN (C306VPTN) nắp đóng êm",3.562.500đ,,bon-cau-2-khoi-inax-c-306vptn-c306vptn-nap-dong-em-c-306vptnbw1
265,C-504A+CW-S15VN/BW1,INAX,"Bồn cầu 2 khối INAX C-504A kèm nắp rửa cơ CW-S15VN",4.359.600đ,C-504A,bon-cau-2-khoi-inax-c-504a-kem-nap-rua-co-cw-s15vn
1279,C-504A+CW-S32VN-1/BW1,INAX,"Bồn cầu 2 khối INAX C-504A kèm nắp rửa cơ CW-S32VN-1",5.073.600đ,C-504A,bon-cau-2-khoi-inax-c-504a-kem-nap-rua-co-cw-s32vn-1
253,C-504VAN/BW1,INAX,"Bồn cầu 2 khối INAX C-504VAN (C504VAN) nắp đóng êm",3.276.000đ,,bon-cau-2-khoi-inax-c-504van-c504van-nap-dong-em-c-504vanbw1
282,C-504VWN/BW1,INAX,"Bồn cầu 2 khối INAX C-504VWN (C504VWN) nắp đóng êm",3.168.400đ,,bon-cau-2-khoi-inax-c-504vwn-c504vwn-nap-dong-em-c-504vwnbw1
3024,HKSW1291C,MOEN,"Bàn cầu điện tử WALDEN MOEN",51.100.000đ,,ban-cau-dien-tu-walden-moen-hksw1291c-hksw1291c
3025,HKSW1361C,MOEN,"Bàn cầu điện tử MOEN POLARIS MOEN",64.750.000đ,,ban-cau-dien-tu-moen-polaris-moen-hksw1361c-hksw1361c
3021,SW0116C,MOEN,"Bồn cầu 1 khối MOEN SW0116C nắp êm",7.805.000đ,,bon-cau-1-khoi-moen-sw0116c-nap-em-sw0116c
3017,SW0142C,MOEN,"Bồn cầu 1 khối MOEN SW0142C nắp êm",11.550.000đ,,bon-cau-1-khoi-moen-sw0142c-nap-em-sw0142c
3018,SW0154C,MOEN,"Bồn cầu 1 khối MOEN SW0154C nắp êm",13.090.000đ,,bon-cau-1-khoi-moen-sw0154c-nap-em-sw0154c
3016,SW0182C,MOEN,"Bồn cầu 1 khối MOEN SW0182C nắp êm",15.400.000đ,,bon-cau-1-khoi-moen-sw0182c-nap-em-sw0182c
3020,SW0313PO,MOEN,"Bồn cầu treo tường MOEN SW0313PO nắp êm",9.240.000đ,,bon-cau-treo-tuong-moen-sw0313po-nap-em-sw0313po
3023,SW1071P0,MOEN,"Bồn cầu điện tử treo tường MOEN",22.190.000đ,,bon-cau-dien-tu-treo-tuong-moen-sw1071p0-sw1071p0
3022,SW1093C,MOEN,"Bồn cầu điện tử thông minh Fascination MOEN",19.800.000đ,,bon-cau-dien-tu-thong-minh-fascination-moen-sw1093c-sw1093c
696,C971#XW/TCF9433A#NW1,TOTO,"Bồn cầu TOTO C971 kèm nắp TCF9433A",49.881.000đ,C971,bon-cau-toto-c971-kem-nap-tcf9433a
681,CS300DT3Y1#W,TOTO,"Bồn cầu 2 khối TOTO CS300DT3Y1 kèm nắp TC385VS",2.845.080đ,CS300,bon-cau-2-khoi-toto-cs300dt3y1-kem-nap-tc385vs
677,CS320DRT3#W,TOTO,"Bồn cầu 2 khối TOTO CS320DRT3 kèm nắp đóng êm TC385VS",3.801.840đ,CS320D,bon-cau-2-khoi-toto-cs320drt3-kem-nap-dong-em-tc385vs
678,CS325DRT3#W,TOTO,"Bồn cầu 2 khối TOTO CS325DRT3 kèm nắp đóng êm TC385VS",3.801.840đ,CS325D,bon-cau-2-khoi-toto-cs325drt3-kem-nap-dong-em-tc385vs
1267,CS735DE2#XW,TOTO,"Bồn cầu 2 khối TOTO CS735DE2 kèm nắp rửa cơ TCW07S",6.848.250đ,CS735,bon-cau-2-khoi-toto-cs735de2-kem-nap-rua-co-tcw07s
1268,CS735DE4#XW,TOTO,"Bồn cầu 2 khối TOTO CS735DE4 kèm nắp rửa cơ TCW1211A",8.468.250đ,CS735,bon-cau-2-khoi-toto-cs735de4-kem-nap-rua-co-tcw1211a
688,CS767CRW12#XW,TOTO,"Bồn cầu 2 khối TOTO CS767CRW12 kèm nắp điện tử Washlet S7 TCF4911EZ giấu dây",32.470.400đ,CS767,bon-cau-2-khoi-toto-cs767crw12-kem-nap-dien-tu-washlet-s7-tcf4911ez-giau-day
691,CS767RE2#XW,TOTO,"Bồn cầu 2 khối TOTO CS767RE2 kèm nắp rửa cơ TCW07S",8.659.500đ,CS767,bon-cau-2-khoi-toto-cs767re2-kem-nap-rua-co-tcw07s
692,CS767RE4#XW,TOTO,"Bồn cầu 2 khối TOTO CS767RE4 kèm nắp rửa cơ TCW1211A",10.279.500đ,CS767,bon-cau-2-khoi-toto-cs767re4-kem-nap-rua-co-tcw1211a
687,CS767RT2#XW,TOTO,"Bồn cầu 2 khối TOTO CS767RT2 kèm nắp đóng êm TC393VS",6.979.840đ,CS767,bon-cau-2-khoi-toto-cs767rt2-kem-nap-dong-em-tc393vs
690,CS767RT3#XW,TOTO,"Bồn cầu 2 khối TOTO CS767RT3 kèm nắp đóng êm TC385VS",6.448.480đ,CS767,bon-cau-2-khoi-toto-cs767rt3-kem-nap-dong-em-tc385vs
686,CS767RT8#XW,TOTO,"Bồn cầu 2 khối TOTO CS767RT8 kèm nắp đóng êm TC600VS",6.979.840đ,CS767,bon-cau-2-khoi-toto-cs767rt8-kem-nap-dong-em-tc600vs
689,CS767RW11#XW,TOTO,"Bồn cầu 2 khối TOTO CS767RW11 kèm nắp điện tử Washlet S7 TCF4911Z",31.386.400đ,CS767,bon-cau-2-khoi-toto-cs767rw11-kem-nap-dien-tu-washlet-s7-tcf4911z
1245,CS769CDRW12#XW,TOTO,"Bồn cầu 2 khối TOTO CS769CDRW12 kèm nắp điện tử Washlet S7 TCF4911EZ giấu dây",32.470.400đ,CS769,bon-cau-2-khoi-toto-cs769cdrw12-kem-nap-dien-tu-washlet-s7-tcf4911ez-giau-day
1269,CS769DRE2#XW,TOTO,"Bồn cầu 2 khối TOTO CS769DRE2 kèm nắp rửa cơ TCW07S",8.659.500đ,CS769D,bon-cau-2-khoi-toto-cs769dre2-kem-nap-rua-co-tcw07s
1274,CS769DRE4#XW,TOTO,"Bồn cầu 2 khối TOTO CS769DRE4 kèm nắp rửa cơ TCW1211A",10.279.500đ,CS769D,bon-cau-2-khoi-toto-cs769dre4-kem-nap-rua-co-tcw1211a
1248,CS769DRW11#XW,TOTO,"Bồn cầu 2 khối TOTO CS769DRW11 kèm nắp điện tử Washlet S7 TCF4911Z",31.386.400đ,CS769D,bon-cau-2-khoi-toto-cs769drw11-kem-nap-dien-tu-washlet-s7-tcf4911z
1249,CS838CDW12#XW,TOTO,"Bồn cầu 2 khối TOTO CS838CDW12 kèm nắp điện tử Washlet S7 TCF4911EZ giấu dây",32.470.400đ,CS838,bon-cau-2-khoi-toto-cs838cdw12-kem-nap-dien-tu-washlet-s7-tcf4911ez-giau-day
1275,CS838DE2#XW,TOTO,"Bồn cầu 2 khối TOTO CS838DE2 kèm nắp rửa cơ TCW07S",8.659.500đ,CS838,bon-cau-2-khoi-toto-cs838de2-kem-nap-rua-co-tcw07s
1276,CS838DE4#XW,TOTO,"Bồn cầu 2 khối TOTO CS838DE4 kèm nắp rửa cơ TCW1211A",10.279.500đ,CS838,bon-cau-2-khoi-toto-cs838de4-kem-nap-rua-co-tcw1211a
1250,CS838DW11#XW,TOTO,"Bồn cầu 2 khối TOTO CS838DW11 kèm nắp điện tử Washlet S7 TCF4911Z",31.386.400đ,CS838,bon-cau-2-khoi-toto-cs838dw11-kem-nap-dien-tu-washlet-s7-tcf4911z
685,CS945DNT2#XW,TOTO,"Bồn cầu 2 khối TOTO CS945DNT2 kèm nắp đóng êm TC393VS",7.236.040đ,CS945D,bon-cau-2-khoi-toto-cs945dnt2-kem-nap-dong-em-tc393vs
679,CS945DNT3#XW,TOTO,"Bồn cầu 2 khối TOTO CS945DNT3 kèm nắp đóng êm TC385VS",6.679.620đ,CS945D,bon-cau-2-khoi-toto-cs945dnt3-kem-nap-dong-em-tc385vs
684,CS945DNT8#XW,TOTO,"Bồn cầu 2 khối TOTO CS945DNT8 kèm nắp đóng êm TC600VS",7.236.040đ,CS945D,bon-cau-2-khoi-toto-cs945dnt8-kem-nap-dong-em-tc600vs
1278,CS948DE4#XW,TOTO,"Bồn cầu 2 khối TOTO CS948DE4 kèm nắp rửa cơ TCW1211A",10.279.500đ,CS948,bon-cau-2-khoi-toto-cs948de4-kem-nap-rua-co-tcw1211a
713,CS986CGW12#XW,TOTO,"Bồn cầu 2 khối TOTO CS986CGW12 kèm nắp điện tử Washlet S7 TCF4911EZ giấu dây",33.664.800đ,CS986,bon-cau-2-khoi-toto-cs986cgw12-kem-nap-dien-tu-washlet-s7-tcf4911ez-giau-day
715,CS986GE2#XW,TOTO,"Bồn cầu 2 khối TOTO CS986GE2 kèm nắp rửa cơ TCW07S",10.604.000đ,CS986,bon-cau-2-khoi-toto-cs986ge2-kem-nap-rua-co-tcw07s
714,CS986GE4#XW,TOTO,"Bồn cầu 2 khối TOTO CS986GE4 kèm nắp rửa cơ TCW1211A",12.332.000đ,CS986,bon-cau-2-khoi-toto-cs986ge4-kem-nap-rua-co-tcw1211a
717,CS986GT2#XW,TOTO,"Bồn cầu 2 khối TOTO CS986GT2 kèm nắp đóng êm TC393VS",8.381.220đ,CS986,bon-cau-2-khoi-toto-cs986gt2-kem-nap-dong-em-tc393vs
718,CS986GT3#XW,TOTO,"Bồn cầu 2 khối TOTO CS986GT3 kèm nắp đóng êm TC385VS",7.849.860đ,CS986,bon-cau-2-khoi-toto-cs986gt3-kem-nap-dong-em-tc385vs
716,CS986GT8#XW,TOTO,"Bồn cầu 2 khối TOTO CS986GT8 kèm nắp đóng êm TC600VS",8.381.220đ,CS986,bon-cau-2-khoi-toto-cs986gt8-kem-nap-dong-em-tc600vs
712,CS986GW11#XW,TOTO,"Bồn cầu 2 khối TOTO CS986GW11 kèm nắp điện tử Washlet S7 TCF4911Z",32.541.600đ,CS986,bon-cau-2-khoi-toto-cs986gw11-kem-nap-dien-tu-washlet-s7-tcf4911z
694,CS988VT#NW1/TCF9575Z#NW1/T53P100VR,TOTO,"Bồn cầu TOTO CS988VT kèm nắp TCF9575Z; T53P100VR",71.366.400đ,CS988VT,bon-cau-toto-cs988vt-kem-nap-tcf9575z-t53p100vr
693,CS989VT#NW1/TCF9788WZ#NW1/T53P100VR,TOTO,"Bồn cầu TOTO CS989VT kèm nắp TCF9788WZ; T53P100VR",91.110.750đ,CS989VT,bon-cau-toto-cs989vt-kem-nap-tcf9788wz-t53p100vr
752,CW522A#NW1/TC512A/WH172A/MB171M#SS,TOTO,"Bồn cầu treo tường TOTO CW522A kèm nắp TC512A; khung treo WH172A; nút xả MB171M",39.037.600đ,CW522A,bon-cau-treo-tuong-toto-cw522a-kem-nap-tc512a-khung-treo-wh172a-nut-xa-mb171m
750,CW522EA#NW1/TCF796CZ#NW1/WH172AT/MB171M#SS,TOTO,"Bồn cầu treo tường TOTO CW522EA kèm nắp TCF796CZ; khung treo WH172AT; nút xả MB171M",58.673.600đ,CW522EA,bon-cau-treo-tuong-toto-cw522ea-kem-nap-tcf796cz-khung-treo-wh172at-nut-xa-mb171m
758,CW522EA#NW1/TCF797C2Z#NW1/WH172AAT/MB171M#SS,TOTO,"Bồn cầu treo tường TOTO CW522EA kèm nắp TCF797C2Z; khung treo WH172AAT; nút xả MB171M",74.413.600đ,CW522EA,bon-cau-treo-tuong-toto-cw522ea-kem-nap-tcf797c2z-khung-treo-wh172aat-nut-xa-mb171m
748,CW522EA#NW1/TCF803CZ#NW1/WH172AT/MB171M#SS,TOTO,"Bồn cầu treo tường TOTO CW522EA kèm nắp TCF803CZ; khung treo WH172AT; nút xả MB171M",72.717.600đ,CW522EA,bon-cau-treo-tuong-toto-cw522ea-kem-nap-tcf803cz-khung-treo-wh172at-nut-xa-mb171m
749,CW522EA#NW1/TCF804C2Z#NW1/WH172AAT/MB171M#SS,TOTO,"Bồn cầu treo tường TOTO CW522EA kèm nắp TCF804C2Z; khung treo WH172AAT; nút xả MB171M",88.920.800đ,CW522EA,bon-cau-treo-tuong-toto-cw522ea-kem-nap-tcf804c2z-khung-treo-wh172aat-nut-xa-mb171m
757,CW542HME5U#NW1/TCF794CZ#NW1/WH172AT/MB175M#SS,TOTO,"Bồn cầu treo tường TOTO CW542HME5U kèm nắp TCF794CZ; khung treo WH172AT; nút xả MB175M",59.051.200đ,CW542HME5U,bon-cau-treo-tuong-toto-cw542hme5u-kem-nap-tcf794cz-khung-treo-wh172at-nut-xa-mb175m
751,CW542HME5U#NW1/TCF795C2Z#NW1/WH172AAT/MB175M#SS,TOTO,"Bồn cầu treo tường TOTO CW542HME5U kèm nắp TCF795C2Z; khung treo WH172AAT; nút xả MB175M",74.791.200đ,CW542HME5U,bon-cau-treo-tuong-toto-cw542hme5u-kem-nap-tcf795c2z-khung-treo-wh172aat-nut-xa-mb175m
745,CW542HME5U#NW1/TCF801CZ#NW1/WH172AT/MB175M#SS,TOTO,"Bồn cầu treo tường TOTO CW542HME5U kèm nắp TCF801CZ; khung treo WH172AT; nút xả MB175M",73.095.200đ,CW542HME5U,bon-cau-treo-tuong-toto-cw542hme5u-kem-nap-tcf801cz-khung-treo-wh172at-nut-xa-mb175m
755,CW542ME5U#NW1/TC513A/WH172A/MB175M#SS,TOTO,"Bồn cầu treo tường TOTO CW542ME5U kèm nắp TC513A; khung treo WH172A; nút xả MB175M",39.391.200đ,CW542ME5U,bon-cau-treo-tuong-toto-cw542me5u-kem-nap-tc513a-khung-treo-wh172a-nut-xa-mb175m
695,CW762#XW/TC384CVK#W/WH172A/MB176G#WH,TOTO,"Bồn cầu treo tường TOTO CW762 kèm nắp TC384CVK; khung treo WH172A; nút xả MB176G",22.189.600đ,CW762,bon-cau-treo-tuong-toto-cw762-kem-nap-tc384cvk-khung-treo-wh172a-nut-xa-mb176g
756,CW812REA#W/TCF24460AAA#NW1/WH172AT/TCA465/MB176G#W,TOTO,"Bồn cầu treo tường TOTO CW812REA kèm nắp TCF24460AAA; khung treo WH172AT; TCA465; nút xả MB176G",42.422.400đ,CW812REA,bon-cau-treo-tuong-toto-cw812rea-kem-nap-tcf24460aaa-khung-treo-wh172at-tca465-nut-xa-mb176g
744,CW812REA#W/TCF4911EZ#NW1/WH172AAT/TCA464/MB176G#WH,TOTO,"Bồn cầu treo tường TOTO CW812REA kèm nắp TCF4911EZ; khung treo WH172AAT; TCA464; nút xả MB176G",61.108.000đ,CW812REA,bon-cau-treo-tuong-toto-cw812rea-kem-nap-tcf4911ez-khung-treo-wh172aat-tca464-nut-xa-mb176g
742,CW822RA#W/TC385VS#W/WH172A/MB175M#SS,TOTO,"Bồn cầu treo TOTO CW822RA kèm nắp TC385VS; khung treo WH172A; nút xả MB175M",19.746.400đ,CW822RA,bon-cau-treo-toto-cw822ra-kem-nap-tc385vs-khung-treo-wh172a-nut-xa-mb175m
753,CW822RA#W/TC600VS#W/WH172A/MB175M#SS,TOTO,"Bồn cầu treo tường TOTO CW822RA kèm nắp TC600VS; khung treo WH172A; nút xả MB175M",20.264.800đ,CW822RA,bon-cau-treo-tuong-toto-cw822ra-kem-nap-tc600vs-khung-treo-wh172a-nut-xa-mb175m
746,CW822RA#W/TCF24410AAA#NW1/WH172A/MB175M#SS,TOTO,"Bồn cầu treo tường TOTO CW822RA kèm nắp TCF24410AAA; khung treo WH172A; nút xả MB175M",39.328.000đ,CW822RA,bon-cau-treo-tuong-toto-cw822ra-kem-nap-tcf24410aaa-khung-treo-wh172a-nut-xa-mb175m
754,CW822REA#W/TCF24460AAA#NW1/WH172AT/TCA465/MB175M#S,TOTO,"Bồn cầu treo tường TOTO CW822REA kèm nắp TCF24460AAA; khung treo WH172AT; TCA465; nút xả MB175M",40.254.400đ,CW822REA,bon-cau-treo-tuong-toto-cw822rea-kem-nap-tcf24460aaa-khung-treo-wh172at-tca465-nut-xa-mb175m
743,CW822REA#W/TCF4911EZ#NW1/WH172AAT/TCA464/MB176G#WH,TOTO,"Bồn cầu treo tường TOTO CW822REA kèm nắp TCF4911EZ; khung treo WH172AAT; TCA464; nút xả MB176G",61.194.400đ,CW822REA,bon-cau-treo-tuong-toto-cw822rea-kem-nap-tcf4911ez-khung-treo-wh172aat-tca464-nut-xa-mb176g
747,CW822REA#W/TCF4911EZ#NW1/WH172AT/TCA465/MB175M#SS,TOTO,"Bồn cầu treo tường TOTO CW822REA kèm nắp TCF4911EZ; khung treo WH172AT; TCA465; nút xả MB175M",50.598.400đ,CW822REA,bon-cau-treo-tuong-toto-cw822rea-kem-nap-tcf4911ez-khung-treo-wh172at-tca465-nut-xa-mb175m
1277,MS188VKE4#XW/T53P100VR,TOTO,"Bồn cầu 1 khối TOTO MS188VKE4 kèm T53P100VR",17.894.250đ,MS188VKE4,bon-cau-1-khoi-toto-ms188vke4-kem-t53p100vr
676,MS636DT2#XW,TOTO,"Bồn cầu 1 khối TOTO MS636DT2 kèm nắp đóng êm TC393VS",20.602.400đ,MS636,bon-cau-1-khoi-toto-ms636dt2-kem-nap-dong-em-tc393vs
683,MS636DT8#XW,TOTO,"Bồn cầu 1 khối TOTO MS636DT8 kèm nắp đóng êm TC600VS",20.602.400đ,MS636,bon-cau-1-khoi-toto-ms636dt8-kem-nap-dong-em-tc600vs
705,MS855CDW12#XW,TOTO,"Bồn cầu 1 khối TOTO MS855CDW12 kèm nắp điện tử Washlet S7 TCF4911EZ giấu dây",32.887.200đ,MS855,bon-cau-1-khoi-toto-ms855cdw12-kem-nap-dien-tu-washlet-s7-tcf4911ez-giau-day
706,MS855DE2#XW,TOTO,"Bồn cầu 1 khối TOTO MS855DE2 kèm nắp rửa cơ TCW07S",9.857.600đ,MS855,bon-cau-1-khoi-toto-ms855de2-kem-nap-rua-co-tcw07s
707,MS855DE4#XW,TOTO,"Bồn cầu 1 khối TOTO MS855DE4 kèm nắp rửa cơ TCW1211A",10.861.500đ,MS855,bon-cau-1-khoi-toto-ms855de4-kem-nap-rua-co-tcw1211a
709,MS855DT2#XW,TOTO,"Bồn cầu 1 khối TOTO MS855DT2 kèm nắp đóng êm TC393VS",7.616.160đ,MS855,bon-cau-1-khoi-toto-ms855dt2-kem-nap-dong-em-tc393vs
708,MS855DT3#XW,TOTO,"Bồn cầu 1 khối TOTO MS855DT3 kèm nắp đóng êm TC385VS",7.084.800đ,MS855,bon-cau-1-khoi-toto-ms855dt3-kem-nap-dong-em-tc385vs
710,MS855DT8#XW,TOTO,"Bồn cầu 1 khối TOTO MS855DT8 kèm nắp đóng êm TC600VS",7.616.160đ,MS855,bon-cau-1-khoi-toto-ms855dt8-kem-nap-dong-em-tc600vs
704,MS855DW11#XW,TOTO,"Bồn cầu 1 khối TOTO MS855DW11 kèm nắp điện tử Washlet S7 TCF4911Z",31.787.200đ,MS855,bon-cau-1-khoi-toto-ms855dw11-kem-nap-dien-tu-washlet-s7-tcf4911z
702,MS885CDW12#XW,TOTO,"Bồn cầu 1 khối TOTO MS885CDW12 kèm nắp điện tử Washlet S7 TCF4911EZ giấu dây",34.960.800đ,MS885,bon-cau-1-khoi-toto-ms885cdw12-kem-nap-dien-tu-washlet-s7-tcf4911ez-giau-day
701,MS885DE2#XW,TOTO,"Bồn cầu 1 khối TOTO MS885DE2 kèm nắp rửa cơ TCW07S",10.942.500đ,MS885,bon-cau-1-khoi-toto-ms885de2-kem-nap-rua-co-tcw07s
700,MS885DE4#XW,TOTO,"Bồn cầu 1 khối TOTO MS885DE4 kèm nắp rửa cơ TCW1211A",12.474.000đ,MS885,bon-cau-1-khoi-toto-ms885de4-kem-nap-rua-co-tcw1211a
697,MS885DT2#XW,TOTO,"Bồn cầu 1 khối TOTO MS885DT2 kèm nắp đóng êm TC393VS",9.621.060đ,MS885,bon-cau-1-khoi-toto-ms885dt2-kem-nap-dong-em-tc393vs
699,MS885DT3#XW,TOTO,"Bồn cầu 1 khối TOTO MS885DT3 kèm nắp đóng êm TC385VS",9.089.700đ,MS885,bon-cau-1-khoi-toto-ms885dt3-kem-nap-dong-em-tc385vs
698,MS885DT8#XW,TOTO,"Bồn cầu 1 khối TOTO MS885DT8 kèm nắp đóng êm TC600VS",9.621.060đ,MS885,bon-cau-1-khoi-toto-ms885dt8-kem-nap-dong-em-tc600vs
703,MS885DW11#XW,TOTO,"Bồn cầu 1 khối TOTO MS885DW11 kèm nắp điện tử Washlet S7 TCF4911Z",33.798.400đ,MS885,bon-cau-1-khoi-toto-ms885dw11-kem-nap-dien-tu-washlet-s7-tcf4911z
711,MS887CRW12#XW,TOTO,"Bồn cầu 1 khối TOTO MS887CRW12 kèm nắp điện tử Washlet S7 TCF4911EZ giấu dây",36.610.400đ,MS887,bon-cau-1-khoi-toto-ms887crw12-kem-nap-dien-tu-washlet-s7-tcf4911ez-giau-day
1273,MS887RE2#XW,TOTO,"Bồn cầu 1 khối TOTO MS887RE2 kèm nắp rửa cơ TCW07S",12.657.750đ,MS887,bon-cau-1-khoi-toto-ms887re2-kem-nap-rua-co-tcw07s
1272,MS887RE4#XW,TOTO,"Bồn cầu 1 khối TOTO MS887RE4 kèm nắp rửa cơ TCW1211A",14.190.000đ,MS887,bon-cau-1-khoi-toto-ms887re4-kem-nap-rua-co-tcw1211a
1247,MS887RW11#XW,TOTO,"Bồn cầu 1 khối TOTO MS887RW11 kèm nắp điện tử Washlet S7 TCF4911Z",35.392.800đ,MS887,bon-cau-1-khoi-toto-ms887rw11-kem-nap-dien-tu-washlet-s7-tcf4911z
1244,MS889CDRW12#XW,TOTO,"Bồn cầu 1 khối TOTO MS889CDRW12 kèm nắp điện tử Washlet S7 TCF4911EZ giấu dây",36.610.400đ,MS889,bon-cau-1-khoi-toto-ms889cdrw12-kem-nap-dien-tu-washlet-s7-tcf4911ez-giau-day
1271,MS889DRE2#XW,TOTO,"Bồn cầu 1 khối TOTO MS889DRE2 kèm nắp rửa cơ TCW07S",12.657.750đ,MS889D,bon-cau-1-khoi-toto-ms889dre2-kem-nap-rua-co-tcw07s
1270,MS889DRE4#XW,TOTO,"Bồn cầu 1 khối TOTO MS889DRE4 kèm nắp rửa cơ TCW1211A",14.190.000đ,MS889D,bon-cau-1-khoi-toto-ms889dre4-kem-nap-rua-co-tcw1211a
1246,MS889DRW11#XW,TOTO,"Bồn cầu 1 khối TOTO MS889DRW11 kèm nắp điện tử Washlet S7 TCF4911Z",35.392.800đ,MS889D,bon-cau-1-khoi-toto-ms889drw11-kem-nap-dien-tu-washlet-s7-tcf4911z
1251,MS889DRW14#XW,TOTO,"Bồn cầu 1 khối TOTO MS889DRW14 kèm nắp điện tử Washlet C5 TCF24410AAA",24.263.250đ,MS889,bon-cau-1-khoi-toto-ms889drw14-kem-nap-dien-tu-washlet-c5-tcf24410aaa
1969,TOTO-CW425J#W,TOTO,"Bồn cầu TOTO TOTO-CW425J",15.911.280đ,TOTO-CW425J,bon-cau-toto-toto-cw425j
1968,TOTO-CW705ENJ#W,TOTO,"Bồn cầu TOTO TOTO-CW705ENJ",13.824.720đ,TOTO-CW705ENJ,bon-cau-toto-toto-cw705enj
1680,BL5,Viglacera,"Bồn cầu 1 khối Viglacera BL5 nắp êm xả thẳng (+ vòi xịt VG826)",2.062.500đ,,bon-cau-1-khoi-viglacera-bl5-nap-em-xa-thang-voi-xit-vg826-bl5
1695,BL5V,Viglacera,"Bồn cầu 1 khối Viglacera BL5V nắp êm xả xoáy (+ vòi xịt VG826)",2.446.100đ,,bon-cau-1-khoi-viglacera-bl5v-nap-em-xa-xoay-voi-xit-vg826-bl5v
1684,BTE,Viglacera,"Bồn cầu 1 khối cho trẻ em Viglacera BTE nắp thường",1.722.500đ,,bon-cau-1-khoi-cho-tre-em-viglacera-bte-nap-thuong-bte
1683,Mekong (MK2),Viglacera,"Bồn cầu 1 khối Viglacera Mekong (MK2) nắp êm (+ vòi xịt VG826)",2.451.000đ,,bon-cau-1-khoi-viglacera-mekong-mk2-nap-em-voi-xit-vg826
1688,V199,Viglacera,"Bồn cầu 1 khối Viglacera V199 nắp êm (+ vòi xịt VG826 & van VG853)",4.743.000đ,,bon-cau-1-khoi-viglacera-v199-nap-em-voi-xit-vg826-van-vg853-v199
1697,V35M,Viglacera,"Bồn cầu 1 khối Viglacera V35M nắp êm xả xoáy (+ vòi xịt VG826)",4.750.000đ,,bon-cau-1-khoi-viglacera-v35m-nap-em-xa-xoay-voi-xit-vg826-v35m
1682,V36,Viglacera,"Bồn cầu 1 khối Viglacera V36 nắp êm (+ vòi xịt VG826)",2.920.500đ,,bon-cau-1-khoi-viglacera-v36-nap-em-voi-xit-vg826-v36
1690,V37M,Viglacera,"Bồn cầu 1 khối Viglacera V37M nắp êm (+ vòi xịt VG826)",2.324.000đ,,bon-cau-1-khoi-viglacera-v37m-nap-em-voi-xit-vg826-v37m
1692,V37S,Viglacera,"Bồn cầu 1 khối Viglacera V37S nắp êm tráp nhựa con thỏ rời (+ vòi xịt VG826)",4.190.000đ,,bon-cau-1-khoi-viglacera-v37s-nap-em-trap-nhua-con-tho-roi-voi-xit-vg826-v37s
1693,V38,Viglacera,"Bồn cầu 1 khối Viglacera V38 nắp êm xả thẳng (+ vòi xịt VG826)",2.502.300đ,,bon-cau-1-khoi-viglacera-v38-nap-em-xa-thang-voi-xit-vg826-v38
1696,V38M,Viglacera,"Bồn cầu 1 khối Viglacera V38M nắp êm xả xoáy (+ vòi xịt VG826)",2.665.000đ,,bon-cau-1-khoi-viglacera-v38m-nap-em-xa-xoay-voi-xit-vg826-v38m
1691,V39,Viglacera,"Bồn cầu 1 khối Viglacera V39 nắp êm xả thẳng (+ vòi xịt VG826)",2.482.700đ,,bon-cau-1-khoi-viglacera-v39-nap-em-xa-thang-voi-xit-vg826-v39
1698,V39M,Viglacera,"Bồn cầu 1 khối Viglacera V39M nắp êm xả xoáy (+ vòi xịt VG826)",2.408.000đ,,bon-cau-1-khoi-viglacera-v39m-nap-em-xa-xoay-voi-xit-vg826-v39m
1685,V42,Viglacera,"Bồn cầu 1 khối Viglacera V42 nắp êm (+ vòi xịt VG826)",3.430.400đ,,bon-cau-1-khoi-viglacera-v42-nap-em-voi-xit-vg826-v42
1699,V45M,Viglacera,"Bồn cầu 1 khối Viglacera V45M nắp êm xả xoáy (+ vòi xịt VG826 & van VG853)",3.000.000đ,,bon-cau-1-khoi-viglacera-v45m-nap-em-xa-xoay-voi-xit-vg826-van-vg853-v45m
1681,V62,Viglacera,"Bồn cầu 1 khối Viglacera V62 nắp êm (+ vòi xịt VG826 & van VG853)",3.900.000đ,,bon-cau-1-khoi-viglacera-v62-nap-em-voi-xit-vg826-van-vg853-v62
1686,V64,Viglacera,"Bồn cầu 1 khối Viglacera V64 nắp êm (+ vòi xịt VG826 & van VG853)",3.085.500đ,,bon-cau-1-khoi-viglacera-v64-nap-em-voi-xit-vg826-van-vg853-v64
1687,V65,Viglacera,"Bồn cầu 1 khối Viglacera V65 nắp êm (+ vòi xịt VG826 & van VG853)",3.200.000đ,,bon-cau-1-khoi-viglacera-v65-nap-em-voi-xit-vg826-van-vg853-v65
1694,V68,Viglacera,"Bồn cầu 1 khối Viglacera V68 nắp êm (+ vòi xịt VG826 & van VG853)",3.106.500đ,,bon-cau-1-khoi-viglacera-v68-nap-em-voi-xit-vg826-van-vg853-v68
1689,V72-CAU,Viglacera,"Bồn cầu 1 khối Viglacera V72-CAU nắp êm (+ vòi xịt VG826)",2.891.000đ,,bon-cau-1-khoi-viglacera-v72-cau-nap-em-voi-xit-vg826-v72-cau
1669,V882F,Viglacera,"Bồn cầu điện tử Viglacera V882F (V.16.882F)",8.899.500đ,,bon-cau-dien-tu-viglacera-v882f-v16882f-v882f
1670,V885,Viglacera,"Bồn cầu thông minh Viglacera",Liên hệ báo giá,,bon-cau-thong-minh-viglacera-v885-v885
1943,V901,Viglacera,"Bồn cầu treo tường Viglacera",Liên hệ báo giá,,bon-cau-treo-tuong-viglacera-v901-v901
1668,V91,Viglacera,"Bồn cầu thông minh 1 khối Viglacera",50.000.000đ,,bon-cau-thong-minh-1-khoi-viglacera-v91-v91
1671,VI107,Viglacera,"Bồn cầu 2 khối Viglacera VI107 nắp êm",2.145.000đ,,bon-cau-2-khoi-viglacera-vi107-nap-em-vi107
1674,VI28,Viglacera,"Bồn cầu 2 khối Viglacera VI28 nắp thường (+ lavabo VTL2)",2.600.000đ,,bon-cau-2-khoi-viglacera-vi28-nap-thuong-lavabo-vtl2-vi28
1672,VI44,Viglacera,"Bồn cầu 2 khối Viglacera VI44 nắp thường (+ lavabo VTL2)",1.690.000đ,,bon-cau-2-khoi-viglacera-vi44-nap-thuong-lavabo-vtl2-vi44
1675,VI6,Viglacera,"Bồn cầu 2 khối Viglacera VI6 nắp êm",2.164.800đ,,bon-cau-2-khoi-viglacera-vi6-nap-em-vi6
1676,VI66 (NAP V1102),Viglacera,"Bồn cầu 2 khối Viglacera VI66 kèm nắp V1102",1.378.000đ,VI66,bon-cau-2-khoi-viglacera-vi66-kem-nap-v1102
1673,VI77,Viglacera,"Bồn cầu 2 khối Viglacera VI77 nắp thường (+ lavabo VTL2)",1.690.000đ,,bon-cau-2-khoi-viglacera-vi77-nap-thuong-lavabo-vtl2-vi77
1677,VI88 (NAP V1102),Viglacera,"Bồn cầu 2 khối Viglacera VI88 kèm nắp V1102",1.378.000đ,VI88,bon-cau-2-khoi-viglacera-vi88-kem-nap-v1102
1678,VT18M (NAP V1102),Viglacera,"Bồn cầu 2 khối Viglacera VT18M kèm nắp V1102",1.378.000đ,VT18M,bon-cau-2-khoi-viglacera-vt18m-kem-nap-v1102
1679,VT34 (NAP V1102),Viglacera,"Bồn cầu 2 khối Viglacera VT34 kèm nắp V1102",1.534.000đ,VT34,bon-cau-2-khoi-viglacera-vt34-kem-nap-v1102