migration_group,old_root,old_subcategory,slug,new_root,new_subcategory,old_url,new_url,product_id,sku,current_category_slug,current_subcategory_slug,target_taxonomy_path,publication_status,pdp_visibility,listing_visibility,seo_indexing,sitemap_include,search_state,notes,name,current_category_name,current_subcategory_name,current_product_type,current_product_sub_type,target_taxon_slug,target_taxon_name,is_active,stock_status,canonical_runtime_url,old_url_matches_legacy_shape,new_url_matches_taxonomy_shape,redirect_db_exact_old_url,redirect_db_exact_to_expected_new_url,redirect_collision,redirect_chain_risk,redirect_loop_risk,root_listing_impact,featured_block_impact,filter_derivation_impact,admin_query_impact,breadcrumb_label_risk,migrate_readiness,action_needed
thiet-bi-ve-sinh -> gach-op-lat,thiet-bi-ve-sinh,all,gach-noi-that-ecocarat-plus-luxury-mosaic-inax-ecp-25netlux,gach-op-lat,gach-inax-ecocarat,/thiet-bi-ve-sinh/all/gach-noi-that-ecocarat-plus-luxury-mosaic-inax-ecp-25netlux,/gach-op-lat/gach-inax-ecocarat/gach-noi-that-ecocarat-plus-luxury-mosaic-inax-ecp-25netlux,7824,ECP-25NET-LUX-12,thiet-bi-ve-sinh,,gach-op-lat/gach-inax-ecocarat,public,public,default,index,true,visible,category=thiet-bi-ve-sinh; subcategory=(null),Gạch nội thất ECOCARAT PLUS LUXURY MOSAIC INAX ECP-25NET/LUX,Thiết bị vệ sinh,,,,gach-inax-ecocarat,Gạch Inax Ecocarat,true,in_stock,/gach-op-lat/gach-inax-ecocarat/gach-noi-that-ecocarat-plus-luxury-mosaic-inax-ecp-25netlux,true,true,no,missing,none,no,no,high,high,high,high,medium,patch_before_migrate,legacy_fields_not_aligned_with_target
thiet-bi-ve-sinh -> gach-op-lat,thiet-bi-ve-sinh,all,gach-noi-that-ecocarat-plus-pearl-mask-inax-ecp-60netpmk,gach-op-lat,gach-inax-ecocarat,/thiet-bi-ve-sinh/all/gach-noi-that-ecocarat-plus-pearl-mask-inax-ecp-60netpmk,/gach-op-lat/gach-inax-ecocarat/gach-noi-that-ecocarat-plus-pearl-mask-inax-ecp-60netpmk,7826,ECP-60NET/PMK11,thiet-bi-ve-sinh,,gach-op-lat/gach-inax-ecocarat,public,public,default,index,true,visible,category=thiet-bi-ve-sinh; subcategory=(null),Gạch nội thất ECOCARAT PLUS PEARL MASK INAX ECP-60NET/PMK,Thiết bị vệ sinh,,,,gach-inax-ecocarat,Gạch Inax Ecocarat,true,in_stock,/gach-op-lat/gach-inax-ecocarat/gach-noi-that-ecocarat-plus-pearl-mask-inax-ecp-60netpmk,true,true,no,missing,none,no,no,high,high,high,high,medium,patch_before_migrate,legacy_fields_not_aligned_with_target
thiet-bi-ve-sinh -> gach-op-lat,thiet-bi-ve-sinh,all,gach-noi-that-ecocarat-plus-quilt-inax-ecp-60netqlt,gach-op-lat,gach-inax-ecocarat,/thiet-bi-ve-sinh/all/gach-noi-that-ecocarat-plus-quilt-inax-ecp-60netqlt,/gach-op-lat/gach-inax-ecocarat/gach-noi-that-ecocarat-plus-quilt-inax-ecp-60netqlt,7827,ECP-60NET/QLT2,thiet-bi-ve-sinh,,gach-op-lat/gach-inax-ecocarat,public,public,default,index,true,visible,category=thiet-bi-ve-sinh; subcategory=(null),Gạch nội thất ECOCARAT PLUS QUILT INAX ECP-60NET/QLT,Thiết bị vệ sinh,,,,gach-inax-ecocarat,Gạch Inax Ecocarat,true,in_stock,/gach-op-lat/gach-inax-ecocarat/gach-noi-that-ecocarat-plus-quilt-inax-ecp-60netqlt,true,true,no,missing,none,no,no,high,high,high,high,medium,patch_before_migrate,legacy_fields_not_aligned_with_target
thiet-bi-ve-sinh -> gach-op-lat,thiet-bi-ve-sinh,all,gach-noi-that-ecocarat-plus-quilt-inax-ecp-60netqlt-2,gach-op-lat,gach-inax-ecocarat,/thiet-bi-ve-sinh/all/gach-noi-that-ecocarat-plus-quilt-inax-ecp-60netqlt-2,/gach-op-lat/gach-inax-ecocarat/gach-noi-that-ecocarat-plus-quilt-inax-ecp-60netqlt-2,12027,ECP-60NET/QLT1,thiet-bi-ve-sinh,,gach-op-lat/gach-inax-ecocarat,public,public,default,index,true,visible,category=thiet-bi-ve-sinh; subcategory=(null),Gạch nội thất ECOCARAT PLUS QUILT INAX ECP-60NET/QLT,Thiết bị vệ sinh,,,,gach-inax-ecocarat,Gạch Inax Ecocarat,true,in_stock,/gach-op-lat/gach-inax-ecocarat/gach-noi-that-ecocarat-plus-quilt-inax-ecp-60netqlt-2,true,true,no,missing,none,no,no,high,high,high,high,medium,patch_before_migrate,legacy_fields_not_aligned_with_target
thiet-bi-ve-sinh -> gach-op-lat,thiet-bi-ve-sinh,all,gach-noi-that-ecocarat-plus-ribmix-inax-ecp-303rbm,gach-op-lat,gach-inax-ecocarat,/thiet-bi-ve-sinh/all/gach-noi-that-ecocarat-plus-ribmix-inax-ecp-303rbm,/gach-op-lat/gach-inax-ecocarat/gach-noi-that-ecocarat-plus-ribmix-inax-ecp-303rbm,7822,ECP-303/RBM2N,thiet-bi-ve-sinh,,gach-op-lat/gach-inax-ecocarat,public,public,default,index,true,visible,category=thiet-bi-ve-sinh; subcategory=(null),Gạch nội thất ECOCARAT PLUS RIBMIX INAX ECP-303/RBM,Thiết bị vệ sinh,,,,gach-inax-ecocarat,Gạch Inax Ecocarat,true,in_stock,/gach-op-lat/gach-inax-ecocarat/gach-noi-that-ecocarat-plus-ribmix-inax-ecp-303rbm,true,true,no,missing,none,no,no,high,high,high,high,medium,patch_before_migrate,legacy_fields_not_aligned_with_target
thiet-bi-ve-sinh -> gach-op-lat,thiet-bi-ve-sinh,all,gach-noi-that-ecocarat-plus-ribmix-inax-ecp-303rbm-2,gach-op-lat,gach-inax-ecocarat,/thiet-bi-ve-sinh/all/gach-noi-that-ecocarat-plus-ribmix-inax-ecp-303rbm-2,/gach-op-lat/gach-inax-ecocarat/gach-noi-that-ecocarat-plus-ribmix-inax-ecp-303rbm-2,12032,ECP-303/RBM1N,thiet-bi-ve-sinh,,gach-op-lat/gach-inax-ecocarat,public,public,default,index,true,visible,category=thiet-bi-ve-sinh; subcategory=(null),Gạch nội thất ECOCARAT PLUS RIBMIX INAX ECP-303/RBM,Thiết bị vệ sinh,,,,gach-inax-ecocarat,Gạch Inax Ecocarat,true,in_stock,/gach-op-lat/gach-inax-ecocarat/gach-noi-that-ecocarat-plus-ribmix-inax-ecp-303rbm-2,true,true,no,missing,none,no,no,high,high,high,high,medium,patch_before_migrate,legacy_fields_not_aligned_with_target
thiet-bi-ve-sinh -> gach-op-lat,thiet-bi-ve-sinh,all,gach-noi-that-ecocarat-plus-rough-quartz-inax-ecp-375rtz,gach-op-lat,gach-inax-ecocarat,/thiet-bi-ve-sinh/all/gach-noi-that-ecocarat-plus-rough-quartz-inax-ecp-375rtz,/gach-op-lat/gach-inax-ecocarat/gach-noi-that-ecocarat-plus-rough-quartz-inax-ecp-375rtz,7829,ECP-375/RTZ1N,thiet-bi-ve-sinh,,gach-op-lat/gach-inax-ecocarat,public,public,default,index,true,visible,category=thiet-bi-ve-sinh; subcategory=(null),Gạch nội thất ECOCARAT PLUS ROUGH QUARTZ INAX ECP-375/RTZ,Thiết bị vệ sinh,,,,gach-inax-ecocarat,Gạch Inax Ecocarat,true,in_stock,/gach-op-lat/gach-inax-ecocarat/gach-noi-that-ecocarat-plus-rough-quartz-inax-ecp-375rtz,true,true,no,missing,none,no,no,high,high,high,high,medium,patch_before_migrate,legacy_fields_not_aligned_with_target
thiet-bi-ve-sinh -> gach-op-lat,thiet-bi-ve-sinh,all,gach-noi-that-ecocarat-plus-roughsawn-inax-ecp-275rgs,gach-op-lat,gach-inax-ecocarat,/thiet-bi-ve-sinh/all/gach-noi-that-ecocarat-plus-roughsawn-inax-ecp-275rgs,/gach-op-lat/gach-inax-ecocarat/gach-noi-that-ecocarat-plus-roughsawn-inax-ecp-275rgs,7828,ECP-275NET/RGS1,thiet-bi-ve-sinh,,gach-op-lat/gach-inax-ecocarat,public,public,default,index,true,visible,category=thiet-bi-ve-sinh; subcategory=(null),Gạch nội thất ECOCARAT PLUS ROUGHSAWN INAX ECP-275/RGS,Thiết bị vệ sinh,,,,gach-inax-ecocarat,Gạch Inax Ecocarat,true,in_stock,/gach-op-lat/gach-inax-ecocarat/gach-noi-that-ecocarat-plus-roughsawn-inax-ecp-275rgs,true,true,no,missing,none,no,no,high,high,high,high,medium,patch_before_migrate,legacy_fields_not_aligned_with_target
thiet-bi-ve-sinh -> gach-op-lat,thiet-bi-ve-sinh,all,gach-noi-that-ecocarat-plus-stone-grace-inax-ecp-630stg,gach-op-lat,gach-inax-ecocarat,/thiet-bi-ve-sinh/all/gach-noi-that-ecocarat-plus-stone-grace-inax-ecp-630stg,/gach-op-lat/gach-inax-ecocarat/gach-noi-that-ecocarat-plus-stone-grace-inax-ecp-630stg,7823,ECP-630/STG-1N,thiet-bi-ve-sinh,,gach-op-lat/gach-inax-ecocarat,public,public,default,index,true,visible,category=thiet-bi-ve-sinh; subcategory=(null),Gạch nội thất ECOCARAT PLUS STONE GRACE INAX ECP-630/STG,Thiết bị vệ sinh,,,,gach-inax-ecocarat,Gạch Inax Ecocarat,true,in_stock,/gach-op-lat/gach-inax-ecocarat/gach-noi-that-ecocarat-plus-stone-grace-inax-ecp-630stg,true,true,no,missing,none,no,no,high,high,high,high,medium,patch_before_migrate,legacy_fields_not_aligned_with_target
thiet-bi-ve-sinh -> gach-op-lat,thiet-bi-ve-sinh,all,gach-noi-that-ecocarat-plus-vele-inax-ecp-30netwe,gach-op-lat,gach-inax-ecocarat,/thiet-bi-ve-sinh/all/gach-noi-that-ecocarat-plus-vele-inax-ecp-30netwe,/gach-op-lat/gach-inax-ecocarat/gach-noi-that-ecocarat-plus-vele-inax-ecp-30netwe,7825,ECO-30NET/WE2NN,thiet-bi-ve-sinh,,gach-op-lat/gach-inax-ecocarat,public,public,default,index,true,visible,category=thiet-bi-ve-sinh; subcategory=(null),Gạch nội thất ECOCARAT PLUS VELE INAX ECP-30NET/WE,Thiết bị vệ sinh,,,,gach-inax-ecocarat,Gạch Inax Ecocarat,true,in_stock,/gach-op-lat/gach-inax-ecocarat/gach-noi-that-ecocarat-plus-vele-inax-ecp-30netwe,true,true,no,missing,none,no,no,high,high,high,high,medium,patch_before_migrate,legacy_fields_not_aligned_with_target
thiet-bi-ve-sinh -> gach-op-lat,thiet-bi-ve-sinh,all,gach-goc-ho-boi-25590-14-inax-25590-14pol-b1-b2-b3,gach-op-lat,gach-op-lat,/thiet-bi-ve-sinh/all/gach-goc-ho-boi-25590-14-inax-25590-14pol-b1-b2-b3,/gach-op-lat/gach-op-lat/gach-goc-ho-boi-25590-14-inax-25590-14pol-b1-b2-b3,7816,INAX-255/90-14/POL-B1-B2-B3,thiet-bi-ve-sinh,,gach-op-lat/gach-op-lat,public,public,low_priority,index,true,visible,category=thiet-bi-ve-sinh; subcategory=(null),"Gạch góc hồ bơi 255/90-14 INAX-255/90-14/POL-B1,B2,B3",Thiết bị vệ sinh,,,,gach-op-lat,Gạch ốp lát,true,in_stock,/gach-op-lat/gach-op-lat/gach-goc-ho-boi-25590-14-inax-25590-14pol-b1-b2-b3,true,true,no,missing,none,no,no,high,high,high,high,medium,patch_before_migrate,legacy_fields_not_aligned_with_target
thiet-bi-ve-sinh -> gach-op-lat,thiet-bi-ve-sinh,all,gach-goc-ho-boi-25590-15-inax-25590-15pol-b1-b2-b3,gach-op-lat,gach-op-lat,/thiet-bi-ve-sinh/all/gach-goc-ho-boi-25590-15-inax-25590-15pol-b1-b2-b3,/gach-op-lat/gach-op-lat/gach-goc-ho-boi-25590-15-inax-25590-15pol-b1-b2-b3,7817,INAX-255/90-15/POL-B1-B2-B3,thiet-bi-ve-sinh,,gach-op-lat/gach-op-lat,public,public,default,index,true,visible,category=thiet-bi-ve-sinh; subcategory=(null),"Gạch góc hồ bơi 255/90-15 INAX-255/90-15/POL-B1,B2,B3",Thiết bị vệ sinh,,,,gach-op-lat,Gạch ốp lát,true,in_stock,/gach-op-lat/gach-op-lat/gach-goc-ho-boi-25590-15-inax-25590-15pol-b1-b2-b3,true,true,no,missing,none,no,no,high,high,high,high,medium,patch_before_migrate,legacy_fields_not_aligned_with_target
thiet-bi-ve-sinh -> gach-op-lat,thiet-bi-ve-sinh,all,gach-goc-ho-boi-47-inax-4790-14pol-b1-b2-b3,gach-op-lat,gach-op-lat,/thiet-bi-ve-sinh/all/gach-goc-ho-boi-47-inax-4790-14pol-b1-b2-b3,/gach-op-lat/gach-op-lat/gach-goc-ho-boi-47-inax-4790-14pol-b1-b2-b3,7818,INAX-47/90-14/POL-B1-B2-B3,thiet-bi-ve-sinh,,gach-op-lat/gach-op-lat,public,public,default,index,true,visible,category=thiet-bi-ve-sinh; subcategory=(null),"Gạch góc hồ bơi 47 INAX-47/90-14/POL-B1,B2,B3",Thiết bị vệ sinh,,,,gach-op-lat,Gạch ốp lát,true,in_stock,/gach-op-lat/gach-op-lat/gach-goc-ho-boi-47-inax-4790-14pol-b1-b2-b3,true,true,no,missing,none,no,no,high,high,high,high,medium,patch_before_migrate,legacy_fields_not_aligned_with_target
thiet-bi-ve-sinh -> gach-op-lat,thiet-bi-ve-sinh,all,gach-ho-boi-inax-22-5-x-22-5-1025pol-b1-2-3g1-2-3,gach-op-lat,gach-op-lat,/thiet-bi-ve-sinh/all/gach-ho-boi-inax-22-5-x-22-5-1025pol-b1-2-3g1-2-3,/gach-op-lat/gach-op-lat/gach-ho-boi-inax-22-5-x-22-5-1025pol-b1-2-3g1-2-3,7819,INAX-1025/POL-B1/B2/B3,thiet-bi-ve-sinh,,gach-op-lat/gach-op-lat,public,public,default,index,true,visible,category=thiet-bi-ve-sinh; subcategory=(null),"Gạch hồ bơi INAX 22.5 x 22.5 1025/POL-B1,2,3:G1,2,3",Thiết bị vệ sinh,,,,gach-op-lat,Gạch ốp lát,true,in_stock,/gach-op-lat/gach-op-lat/gach-ho-boi-inax-22-5-x-22-5-1025pol-b1-2-3g1-2-3,true,true,no,missing,none,no,no,high,high,high,high,medium,patch_before_migrate,legacy_fields_not_aligned_with_target
thiet-bi-ve-sinh -> gach-op-lat,thiet-bi-ve-sinh,all,gach-ho-boi-inax-47-x-47-47pol-b1-2-3-g1-2-3,gach-op-lat,gach-op-lat,/thiet-bi-ve-sinh/all/gach-ho-boi-inax-47-x-47-47pol-b1-2-3-g1-2-3,/gach-op-lat/gach-op-lat/gach-ho-boi-inax-47-x-47-47pol-b1-2-3-g1-2-3,7821,"INAX-47/POL-B1,B2,B3",thiet-bi-ve-sinh,,gach-op-lat/gach-op-lat,public,public,default,index,true,visible,category=thiet-bi-ve-sinh; subcategory=(null),"Gạch hồ bơi INAX 47 x 47 47/POL-B1,2,3: G1,2,3",Thiết bị vệ sinh,,,,gach-op-lat,Gạch ốp lát,true,in_stock,/gach-op-lat/gach-op-lat/gach-ho-boi-inax-47-x-47-47pol-b1-2-3-g1-2-3,true,true,no,missing,none,no,no,high,high,high,high,medium,patch_before_migrate,legacy_fields_not_aligned_with_target
thiet-bi-ve-sinh -> gach-op-lat,thiet-bi-ve-sinh,all,gach-ho-boi-inax-97-x-97-97pol-b1-2-3-g1-2-3,gach-op-lat,gach-op-lat,/thiet-bi-ve-sinh/all/gach-ho-boi-inax-97-x-97-97pol-b1-2-3-g1-2-3,/gach-op-lat/gach-op-lat/gach-ho-boi-inax-97-x-97-97pol-b1-2-3-g1-2-3,7820,INAX-97/POL-B1/B2/B3,thiet-bi-ve-sinh,,gach-op-lat/gach-op-lat,public,public,default,index,true,visible,category=thiet-bi-ve-sinh; subcategory=(null),"Gạch hồ bơi INAX 97 x 97 97/POL-B1,2,3: G1,2,3",Thiết bị vệ sinh,,,,gach-op-lat,Gạch ốp lát,true,in_stock,/gach-op-lat/gach-op-lat/gach-ho-boi-inax-97-x-97-97pol-b1-2-3-g1-2-3,true,true,no,missing,none,no,no,high,high,high,high,medium,patch_before_migrate,legacy_fields_not_aligned_with_target
thiet-bi-ve-sinh -> gach-op-lat,thiet-bi-ve-sinh,all,keo-dan-gach-2kg-1-tuyp-inax-egr-v2sp-g3,gach-op-lat,gach-op-lat,/thiet-bi-ve-sinh/all/keo-dan-gach-2kg-1-tuyp-inax-egr-v2sp-g3,/gach-op-lat/gach-op-lat/keo-dan-gach-2kg-1-tuyp-inax-egr-v2sp-g3,7868,EGR-V2SP/G3,thiet-bi-ve-sinh,,gach-op-lat/gach-op-lat,public,public,default,index,true,visible,category=thiet-bi-ve-sinh; subcategory=(null),Keo dán gạch INAX EGR-V2SP/G3 (2kg / 1 tuýp),Thiết bị vệ sinh,,,,gach-op-lat,Gạch ốp lát,true,in_stock,/gach-op-lat/gach-op-lat/keo-dan-gach-2kg-1-tuyp-inax-egr-v2sp-g3,true,true,no,missing,none,no,no,high,high,high,high,medium,patch_before_migrate,legacy_fields_not_aligned_with_target
thiet-bi-ve-sinh -> gach-op-lat,thiet-bi-ve-sinh,all,gach-op-tuong-1525eac-earth-color-border-inax-1525eac,gach-op-lat,gach-op-tuong,/thiet-bi-ve-sinh/all/gach-op-tuong-1525eac-earth-color-border-inax-1525eac,/gach-op-lat/gach-op-tuong/gach-op-tuong-1525eac-earth-color-border-inax-1525eac,7856,INAX-1525/EAC-1,thiet-bi-ve-sinh,,gach-op-lat/gach-op-tuong,public,public,default,index,true,visible,category=thiet-bi-ve-sinh; subcategory=(null),Gạch ốp tường 1525/EAC-EARTH COLOR BORDER INAX-1525/EAC,Thiết bị vệ sinh,,,,gach-op-tuong,Gạch ốp tường,true,in_stock,/gach-op-lat/gach-op-tuong/gach-op-tuong-1525eac-earth-color-border-inax-1525eac,true,true,no,missing,none,no,no,high,high,high,high,medium,patch_before_migrate,legacy_fields_not_aligned_with_target
thiet-bi-ve-sinh -> gach-op-lat,thiet-bi-ve-sinh,all,gach-op-tuong-255-viz-inax-255viz,gach-op-lat,gach-op-tuong,/thiet-bi-ve-sinh/all/gach-op-tuong-255-viz-inax-255viz,/gach-op-lat/gach-op-tuong/gach-op-tuong-255-viz-inax-255viz,7859,INAX-255/VIZ-1,thiet-bi-ve-sinh,,gach-op-lat/gach-op-tuong,public,public,default,index,true,visible,category=thiet-bi-ve-sinh; subcategory=(null),Gạch ốp tường 255-VIZ INAX-255VIZ (INAX255VIZ),Thiết bị vệ sinh,,,,gach-op-tuong,Gạch ốp tường,true,in_stock,/gach-op-lat/gach-op-tuong/gach-op-tuong-255-viz-inax-255viz,true,true,no,missing,none,no,no,high,high,high,high,medium,patch_before_migrate,legacy_fields_not_aligned_with_target
thiet-bi-ve-sinh -> gach-op-lat,thiet-bi-ve-sinh,all,gach-op-tuong-355-viz-inax-355viz,gach-op-lat,gach-op-tuong,/thiet-bi-ve-sinh/all/gach-op-tuong-355-viz-inax-355viz,/gach-op-lat/gach-op-tuong/gach-op-tuong-355-viz-inax-355viz,7858,INAX-355-VIZ-10N,thiet-bi-ve-sinh,,gach-op-lat/gach-op-tuong,public,public,default,index,true,visible,category=thiet-bi-ve-sinh; subcategory=(null),Gạch ốp tường 355-VIZ INAX-355VIZ (INAX355VIZ),Thiết bị vệ sinh,,,,gach-op-tuong,Gạch ốp tường,true,in_stock,/gach-op-lat/gach-op-tuong/gach-op-tuong-355-viz-inax-355viz,true,true,no,missing,none,no,no,high,high,high,high,medium,patch_before_migrate,legacy_fields_not_aligned_with_target
thiet-bi-ve-sinh -> gach-op-lat,thiet-bi-ve-sinh,all,gach-op-tuong-355eac-earth-color-border-inax-355eac,gach-op-lat,gach-op-tuong,/thiet-bi-ve-sinh/all/gach-op-tuong-355eac-earth-color-border-inax-355eac,/gach-op-lat/gach-op-tuong/gach-op-tuong-355eac-earth-color-border-inax-355eac,7855,INAX-355/EAC-1,thiet-bi-ve-sinh,,gach-op-lat/gach-op-tuong,public,public,default,index,true,visible,category=thiet-bi-ve-sinh; subcategory=(null),Gạch ốp tường 355/EAC-EARTH COLOR BORDER INAX-355/EAC,Thiết bị vệ sinh,,,,gach-op-tuong,Gạch ốp tường,true,in_stock,/gach-op-lat/gach-op-tuong/gach-op-tuong-355eac-earth-color-border-inax-355eac,true,true,no,missing,none,no,no,high,high,high,high,medium,patch_before_migrate,legacy_fields_not_aligned_with_target
thiet-bi-ve-sinh -> gach-op-lat,thiet-bi-ve-sinh,all,gach-op-tuong-bb-bamboo-border-inax-20bbb,gach-op-lat,gach-op-tuong,/thiet-bi-ve-sinh/all/gach-op-tuong-bb-bamboo-border-inax-20bbb,/gach-op-lat/gach-op-tuong/gach-op-tuong-bb-bamboo-border-inax-20bbb,7849,INAX-20B/BB-1,thiet-bi-ve-sinh,,gach-op-lat/gach-op-tuong,public,public,default,index,true,visible,category=thiet-bi-ve-sinh; subcategory=(null),Gạch ốp tường BB-BAMBOO BORDER INAX-20B/BB,Thiết bị vệ sinh,,,,gach-op-tuong,Gạch ốp tường,true,in_stock,/gach-op-lat/gach-op-tuong/gach-op-tuong-bb-bamboo-border-inax-20bbb,true,true,no,missing,none,no,no,high,high,high,high,medium,patch_before_migrate,legacy_fields_not_aligned_with_target
thiet-bi-ve-sinh -> gach-op-lat,thiet-bi-ve-sinh,all,gach-op-tuong-bl-bullion-border-inax-im-1520p1bl,gach-op-lat,gach-op-tuong,/thiet-bi-ve-sinh/all/gach-op-tuong-bl-bullion-border-inax-im-1520p1bl,/gach-op-lat/gach-op-tuong/gach-op-tuong-bl-bullion-border-inax-im-1520p1bl,7838,IM-1520P1/BL-1,thiet-bi-ve-sinh,,gach-op-lat/gach-op-tuong,public,public,default,index,true,visible,category=thiet-bi-ve-sinh; subcategory=(null),Gạch ốp tường BL-BULLION BORDER INAX IM-1520P1/BL,Thiết bị vệ sinh,,,,gach-op-tuong,Gạch ốp tường,true,in_stock,/gach-op-lat/gach-op-tuong/gach-op-tuong-bl-bullion-border-inax-im-1520p1bl,true,true,no,missing,none,no,no,high,high,high,high,medium,patch_before_migrate,legacy_fields_not_aligned_with_target
thiet-bi-ve-sinh -> gach-op-lat,thiet-bi-ve-sinh,all,gach-op-tuong-celavio-e-inax-hal-155cef,gach-op-lat,gach-op-tuong,/thiet-bi-ve-sinh/all/gach-op-tuong-celavio-e-inax-hal-155cef,/gach-op-lat/gach-op-tuong/gach-op-tuong-celavio-e-inax-hal-155cef,7833,HAL-155/CEF-1,thiet-bi-ve-sinh,,gach-op-lat/gach-op-tuong,public,public,default,index,true,visible,category=thiet-bi-ve-sinh; subcategory=(null),Gạch ốp tường CELAVIO E INAX HAL-155/CEF,Thiết bị vệ sinh,,,,gach-op-tuong,Gạch ốp tường,true,in_stock,/gach-op-lat/gach-op-tuong/gach-op-tuong-celavio-e-inax-hal-155cef,true,true,no,missing,none,no,no,high,high,high,high,medium,patch_before_migrate,legacy_fields_not_aligned_with_target
thiet-bi-ve-sinh -> gach-op-lat,thiet-bi-ve-sinh,all,gach-op-tuong-celaviogran-a-inax-hal-35bgra,gach-op-lat,gach-op-tuong,/thiet-bi-ve-sinh/all/gach-op-tuong-celaviogran-a-inax-hal-35bgra,/gach-op-lat/gach-op-tuong/gach-op-tuong-celaviogran-a-inax-hal-35bgra,7832,HAL-35B/GRA-M1,thiet-bi-ve-sinh,,gach-op-lat/gach-op-tuong,public,public,default,index,true,visible,category=thiet-bi-ve-sinh; subcategory=(null),Gạch ốp tường CELAVIOGRAN A INAX HAL-35B/GRA,Thiết bị vệ sinh,,,,gach-op-tuong,Gạch ốp tường,true,in_stock,/gach-op-lat/gach-op-tuong/gach-op-tuong-celaviogran-a-inax-hal-35bgra,true,true,no,missing,none,no,no,high,high,high,high,medium,patch_before_migrate,legacy_fields_not_aligned_with_target
thiet-bi-ve-sinh -> gach-op-lat,thiet-bi-ve-sinh,all,gach-op-tuong-checker-inax-40bck,gach-op-lat,gach-op-tuong,/thiet-bi-ve-sinh/all/gach-op-tuong-checker-inax-40bck,/gach-op-lat/gach-op-tuong/gach-op-tuong-checker-inax-40bck,7845,INAX-40B/CK-1,thiet-bi-ve-sinh,,gach-op-lat/gach-op-tuong,public,public,default,index,true,visible,category=thiet-bi-ve-sinh; subcategory=(null),Gạch ốp tường CHECKER INAX-40B/CK,Thiết bị vệ sinh,,,,gach-op-tuong,Gạch ốp tường,true,in_stock,/gach-op-lat/gach-op-tuong/gach-op-tuong-checker-inax-40bck,true,true,no,missing,none,no,no,high,high,high,high,medium,patch_before_migrate,legacy_fields_not_aligned_with_target
thiet-bi-ve-sinh -> gach-op-lat,thiet-bi-ve-sinh,all,gach-op-tuong-cool-mist-glass-inax-355tt-sdcmg,gach-op-lat,gach-op-tuong,/thiet-bi-ve-sinh/all/gach-op-tuong-cool-mist-glass-inax-355tt-sdcmg,/gach-op-lat/gach-op-tuong/gach-op-tuong-cool-mist-glass-inax-355tt-sdcmg,7854,355SD/CMG-1B,thiet-bi-ve-sinh,,gach-op-lat/gach-op-tuong,public,public,default,index,true,visible,category=thiet-bi-ve-sinh; subcategory=(null),"Gạch ốp tường COOL MIST GLASS INAX-355TT,SD/CMG",Thiết bị vệ sinh,,,,gach-op-tuong,Gạch ốp tường,true,in_stock,/gach-op-lat/gach-op-tuong/gach-op-tuong-cool-mist-glass-inax-355tt-sdcmg,true,true,no,missing,none,no,no,high,high,high,high,medium,patch_before_migrate,legacy_fields_not_aligned_with_target
thiet-bi-ve-sinh -> gach-op-lat,thiet-bi-ve-sinh,all,gach-op-tuong-dl-delta-inax-im-50p1dl,gach-op-lat,gach-op-tuong,/thiet-bi-ve-sinh/all/gach-op-tuong-dl-delta-inax-im-50p1dl,/gach-op-lat/gach-op-tuong/gach-op-tuong-dl-delta-inax-im-50p1dl,7837,IM-50P1/DL-1,thiet-bi-ve-sinh,,gach-op-lat/gach-op-tuong,public,public,default,index,true,visible,category=thiet-bi-ve-sinh; subcategory=(null),Gạch ốp tường DL-DELTA INAX IM-50P1/DL,Thiết bị vệ sinh,,,,gach-op-tuong,Gạch ốp tường,true,in_stock,/gach-op-lat/gach-op-tuong/gach-op-tuong-dl-delta-inax-im-50p1dl,true,true,no,missing,none,no,no,high,high,high,high,medium,patch_before_migrate,legacy_fields_not_aligned_with_target
thiet-bi-ve-sinh -> gach-op-lat,thiet-bi-ve-sinh,all,gach-op-tuong-dpl-point-color-inax-255dpl,gach-op-lat,gach-op-tuong,/thiet-bi-ve-sinh/all/gach-op-tuong-dpl-point-color-inax-255dpl,/gach-op-lat/gach-op-tuong/gach-op-tuong-dpl-point-color-inax-255dpl,7861,INAX-255/DPL-101V,thiet-bi-ve-sinh,,gach-op-lat/gach-op-tuong,public,public,default,index,true,visible,category=thiet-bi-ve-sinh; subcategory=(null),Gạch ốp tường DPL POINT COLOR INAX-255/DPL,Thiết bị vệ sinh,,,,gach-op-tuong,Gạch ốp tường,true,in_stock,/gach-op-lat/gach-op-tuong/gach-op-tuong-dpl-point-color-inax-255dpl,true,true,no,missing,none,no,no,high,high,high,high,medium,patch_before_migrate,legacy_fields_not_aligned_with_target
thiet-bi-ve-sinh -> gach-op-lat,thiet-bi-ve-sinh,all,gach-op-tuong-fishbone-mosaic-inax-325fbm,gach-op-lat,gach-op-tuong,/thiet-bi-ve-sinh/all/gach-op-tuong-fishbone-mosaic-inax-325fbm,/gach-op-lat/gach-op-tuong/gach-op-tuong-fishbone-mosaic-inax-325fbm,7851,INAX-325/FBM-1,thiet-bi-ve-sinh,,gach-op-lat/gach-op-tuong,public,public,default,index,true,visible,category=thiet-bi-ve-sinh; subcategory=(null),Gạch ốp tường FISHBONE MOSAIC INAX-325/FBM,Thiết bị vệ sinh,,,,gach-op-tuong,Gạch ốp tường,true,in_stock,/gach-op-lat/gach-op-tuong/gach-op-tuong-fishbone-mosaic-inax-325fbm,true,true,no,missing,none,no,no,high,high,high,high,medium,patch_before_migrate,legacy_fields_not_aligned_with_target
thiet-bi-ve-sinh -> gach-op-lat,thiet-bi-ve-sinh,all,gach-op-tuong-glazed-mosaic-inax-355glm,gach-op-lat,gach-op-tuong,/thiet-bi-ve-sinh/all/gach-op-tuong-glazed-mosaic-inax-355glm,/gach-op-lat/gach-op-tuong/gach-op-tuong-glazed-mosaic-inax-355glm,7850,INAX-355/GLM-1,thiet-bi-ve-sinh,,gach-op-lat/gach-op-tuong,public,public,default,index,true,visible,category=thiet-bi-ve-sinh; subcategory=(null),Gạch ốp tường GLAZED MOSAIC INAX-355/GLM,Thiết bị vệ sinh,,,,gach-op-tuong,Gạch ốp tường,true,in_stock,/gach-op-lat/gach-op-tuong/gach-op-tuong-glazed-mosaic-inax-355glm,true,true,no,missing,none,no,no,high,high,high,high,medium,patch_before_migrate,legacy_fields_not_aligned_with_target
thiet-bi-ve-sinh -> gach-op-lat,thiet-bi-ve-sinh,all,gach-op-tuong-hosowari-border-inax-hal-20bnhb,gach-op-lat,gach-op-tuong,/thiet-bi-ve-sinh/all/gach-op-tuong-hosowari-border-inax-hal-20bnhb,/gach-op-lat/gach-op-tuong/gach-op-tuong-hosowari-border-inax-hal-20bnhb,7834,HAL-20BN/HB-1,thiet-bi-ve-sinh,,gach-op-lat/gach-op-tuong,public,public,default,index,true,visible,category=thiet-bi-ve-sinh; subcategory=(null),Gạch ốp tường HOSOWARI BORDER INAX HAL-20BN/HB,Thiết bị vệ sinh,,,,gach-op-tuong,Gạch ốp tường,true,in_stock,/gach-op-lat/gach-op-tuong/gach-op-tuong-hosowari-border-inax-hal-20bnhb,true,true,no,missing,none,no,no,high,high,high,high,medium,patch_before_migrate,legacy_fields_not_aligned_with_target
thiet-bi-ve-sinh -> gach-op-lat,thiet-bi-ve-sinh,all,gach-op-tuong-hosowari-border-random-inax-hal-20brhb,gach-op-lat,gach-op-tuong,/thiet-bi-ve-sinh/all/gach-op-tuong-hosowari-border-random-inax-hal-20brhb,/gach-op-lat/gach-op-tuong/gach-op-tuong-hosowari-border-random-inax-hal-20brhb,7835,HAL-20BR/HB-1,thiet-bi-ve-sinh,,gach-op-lat/gach-op-tuong,public,public,default,index,true,visible,category=thiet-bi-ve-sinh; subcategory=(null),Gạch ốp tường HOSOWARI BORDER RANDOM INAX HAL-20BR/HB,Thiết bị vệ sinh,,,,gach-op-tuong,Gạch ốp tường,true,in_stock,/gach-op-lat/gach-op-tuong/gach-op-tuong-hosowari-border-random-inax-hal-20brhb,true,true,no,missing,none,no,no,high,high,high,high,medium,patch_before_migrate,legacy_fields_not_aligned_with_target
thiet-bi-ve-sinh -> gach-op-lat,thiet-bi-ve-sinh,all,gach-op-tuong-i-concept-ceraborder-inax-20bcrb,gach-op-lat,gach-op-tuong,/thiet-bi-ve-sinh/all/gach-op-tuong-i-concept-ceraborder-inax-20bcrb,/gach-op-lat/gach-op-tuong/gach-op-tuong-i-concept-ceraborder-inax-20bcrb,7862,INAX-20B/CRB-1,thiet-bi-ve-sinh,,gach-op-lat/gach-op-tuong,public,public,default,index,true,visible,category=thiet-bi-ve-sinh; subcategory=(null),Gạch ốp tường I-Concept CERABORDER INAX-20B/CRB,Thiết bị vệ sinh,,,,gach-op-tuong,Gạch ốp tường,true,in_stock,/gach-op-lat/gach-op-tuong/gach-op-tuong-i-concept-ceraborder-inax-20bcrb,true,true,no,missing,none,no,no,high,high,high,high,medium,patch_before_migrate,legacy_fields_not_aligned_with_target
thiet-bi-ve-sinh -> gach-op-lat,thiet-bi-ve-sinh,all,gach-op-tuong-i-concept-slit-inax-40bslt,gach-op-lat,gach-op-tuong,/thiet-bi-ve-sinh/all/gach-op-tuong-i-concept-slit-inax-40bslt,/gach-op-lat/gach-op-tuong/gach-op-tuong-i-concept-slit-inax-40bslt,7843,INAX-40B/SLT-2,thiet-bi-ve-sinh,,gach-op-lat/gach-op-tuong,public,public,default,index,true,visible,category=thiet-bi-ve-sinh; subcategory=(null),Gạch ốp tường I-Concept SLIT INAX-40B/SLT,Thiết bị vệ sinh,,,,gach-op-tuong,Gạch ốp tường,true,in_stock,/gach-op-lat/gach-op-tuong/gach-op-tuong-i-concept-slit-inax-40bslt,true,true,no,missing,none,no,no,high,high,high,high,medium,patch_before_migrate,legacy_fields_not_aligned_with_target
thiet-bi-ve-sinh -> gach-op-lat,thiet-bi-ve-sinh,all,gach-op-tuong-i-concept-slit-inax-40bslt-2,gach-op-lat,gach-op-tuong,/thiet-bi-ve-sinh/all/gach-op-tuong-i-concept-slit-inax-40bslt-2,/gach-op-lat/gach-op-tuong/gach-op-tuong-i-concept-slit-inax-40bslt-2,9960,INAX-40B/SLT-1,thiet-bi-ve-sinh,,gach-op-lat/gach-op-tuong,public,public,default,index,true,visible,category=thiet-bi-ve-sinh; subcategory=(null),Gạch ốp tường I-Concept SLIT INAX-40B/SLT,Thiết bị vệ sinh,,,,gach-op-tuong,Gạch ốp tường,true,in_stock,/gach-op-lat/gach-op-tuong/gach-op-tuong-i-concept-slit-inax-40bslt-2,true,true,no,missing,none,no,no,high,high,high,high,medium,patch_before_migrate,legacy_fields_not_aligned_with_target
thiet-bi-ve-sinh -> gach-op-lat,thiet-bi-ve-sinh,all,gach-op-tuong-i-concept-stripe-border-inax-20bstb,gach-op-lat,gach-op-tuong,/thiet-bi-ve-sinh/all/gach-op-tuong-i-concept-stripe-border-inax-20bstb,/gach-op-lat/gach-op-tuong/gach-op-tuong-i-concept-stripe-border-inax-20bstb,7841,INAX-20B/STB-1,thiet-bi-ve-sinh,,gach-op-lat/gach-op-tuong,public,public,default,index,true,visible,category=thiet-bi-ve-sinh; subcategory=(null),Gạch ốp tường I-Concept STRIPE BORDER INAX-20B/STB,Thiết bị vệ sinh,,,,gach-op-tuong,Gạch ốp tường,true,in_stock,/gach-op-lat/gach-op-tuong/gach-op-tuong-i-concept-stripe-border-inax-20bstb,true,true,no,missing,none,no,no,high,high,high,high,medium,patch_before_migrate,legacy_fields_not_aligned_with_target
thiet-bi-ve-sinh -> gach-op-lat,thiet-bi-ve-sinh,all,gach-op-tuong-i-concept-trape-inax-3040btrp,gach-op-lat,gach-op-tuong,/thiet-bi-ve-sinh/all/gach-op-tuong-i-concept-trape-inax-3040btrp,/gach-op-lat/gach-op-tuong/gach-op-tuong-i-concept-trape-inax-3040btrp,7842,INAX-3040B/TRP-1,thiet-bi-ve-sinh,,gach-op-lat/gach-op-tuong,public,public,default,index,true,visible,category=thiet-bi-ve-sinh; subcategory=(null),Gạch ốp tường I-Concept TRAPE INAX-3040B/TRP,Thiết bị vệ sinh,,,,gach-op-tuong,Gạch ốp tường,true,in_stock,/gach-op-lat/gach-op-tuong/gach-op-tuong-i-concept-trape-inax-3040btrp,true,true,no,missing,none,no,no,high,high,high,high,medium,patch_before_migrate,legacy_fields_not_aligned_with_target
thiet-bi-ve-sinh -> gach-op-lat,thiet-bi-ve-sinh,all,gach-op-tuong-i-concept-wavy-mosaic-inax-255wm,gach-op-lat,gach-op-tuong,/thiet-bi-ve-sinh/all/gach-op-tuong-i-concept-wavy-mosaic-inax-255wm,/gach-op-lat/gach-op-tuong/gach-op-tuong-i-concept-wavy-mosaic-inax-255wm,7840,INAX-255/WM-1,thiet-bi-ve-sinh,,gach-op-lat/gach-op-tuong,public,public,default,index,true,visible,category=thiet-bi-ve-sinh; subcategory=(null),Gạch ốp tường I-Concept WAVY MOSAIC INAX-255/WM,Thiết bị vệ sinh,,,,gach-op-tuong,Gạch ốp tường,true,in_stock,/gach-op-lat/gach-op-tuong/gach-op-tuong-i-concept-wavy-mosaic-inax-255wm,true,true,no,missing,none,no,no,high,high,high,high,medium,patch_before_migrate,legacy_fields_not_aligned_with_target
thiet-bi-ve-sinh -> gach-op-lat,thiet-bi-ve-sinh,all,gach-op-tuong-imperial-mosaic-inax-2i-imm,gach-op-lat,gach-op-tuong,/thiet-bi-ve-sinh/all/gach-op-tuong-imperial-mosaic-inax-2i-imm,/gach-op-lat/gach-op-tuong/gach-op-tuong-imperial-mosaic-inax-2i-imm,7867,INAX-2I/IMM-1,thiet-bi-ve-sinh,,gach-op-lat/gach-op-tuong,public,public,default,index,true,visible,category=thiet-bi-ve-sinh; subcategory=(null),Gạch ốp tường Imperial Mosaic INAX-2I/IMM (INAX2IIMM),Thiết bị vệ sinh,,,,gach-op-tuong,Gạch ốp tường,true,in_stock,/gach-op-lat/gach-op-tuong/gach-op-tuong-imperial-mosaic-inax-2i-imm,true,true,no,missing,none,no,no,high,high,high,high,medium,patch_before_migrate,legacy_fields_not_aligned_with_target
thiet-bi-ve-sinh -> gach-op-lat,thiet-bi-ve-sinh,all,gach-op-tuong-kaiha-inax-40bkh,gach-op-lat,gach-op-tuong,/thiet-bi-ve-sinh/all/gach-op-tuong-kaiha-inax-40bkh,/gach-op-lat/gach-op-tuong/gach-op-tuong-kaiha-inax-40bkh,7844,INAX-40B/KH-4,thiet-bi-ve-sinh,,gach-op-lat/gach-op-tuong,public,public,default,index,true,visible,category=thiet-bi-ve-sinh; subcategory=(null),Gạch ốp tường KAIHA INAX-40B/KH,Thiết bị vệ sinh,,,,gach-op-tuong,Gạch ốp tường,true,in_stock,/gach-op-lat/gach-op-tuong/gach-op-tuong-kaiha-inax-40bkh,true,true,no,missing,none,no,no,high,high,high,high,medium,patch_before_migrate,legacy_fields_not_aligned_with_target
thiet-bi-ve-sinh -> gach-op-lat,thiet-bi-ve-sinh,all,gach-op-tuong-kaiha-inax-40bkh-2,gach-op-lat,gach-op-tuong,/thiet-bi-ve-sinh/all/gach-op-tuong-kaiha-inax-40bkh-2,/gach-op-lat/gach-op-tuong/gach-op-tuong-kaiha-inax-40bkh-2,9961,INAX-40B/KH-2,thiet-bi-ve-sinh,,gach-op-lat/gach-op-tuong,public,public,default,index,true,visible,category=thiet-bi-ve-sinh; subcategory=(null),Gạch ốp tường KAIHA INAX-40B/KH,Thiết bị vệ sinh,,,,gach-op-tuong,Gạch ốp tường,true,in_stock,/gach-op-lat/gach-op-tuong/gach-op-tuong-kaiha-inax-40bkh-2,true,true,no,missing,none,no,no,high,high,high,high,medium,patch_before_migrate,legacy_fields_not_aligned_with_target
thiet-bi-ve-sinh -> gach-op-lat,thiet-bi-ve-sinh,all,gach-op-tuong-lattice-inax-300ltc,gach-op-lat,gach-op-tuong,/thiet-bi-ve-sinh/all/gach-op-tuong-lattice-inax-300ltc,/gach-op-lat/gach-op-tuong/gach-op-tuong-lattice-inax-300ltc,7852,INAX-300/LTC-11,thiet-bi-ve-sinh,,gach-op-lat/gach-op-tuong,public,public,default,index,true,visible,category=thiet-bi-ve-sinh; subcategory=(null),Gạch ốp tường LATTICE INAX-300/LTC,Thiết bị vệ sinh,,,,gach-op-tuong,Gạch ốp tường,true,in_stock,/gach-op-lat/gach-op-tuong/gach-op-tuong-lattice-inax-300ltc,true,true,no,missing,none,no,no,high,high,high,high,medium,patch_before_migrate,legacy_fields_not_aligned_with_target
thiet-bi-ve-sinh -> gach-op-lat,thiet-bi-ve-sinh,all,gach-op-tuong-melvio-aldea-inax-hal-rmal,gach-op-lat,gach-op-tuong,/thiet-bi-ve-sinh/all/gach-op-tuong-melvio-aldea-inax-hal-rmal,/gach-op-lat/gach-op-tuong/gach-op-tuong-melvio-aldea-inax-hal-rmal,7831,HAL-R/MAL-1,thiet-bi-ve-sinh,,gach-op-lat/gach-op-tuong,public,public,default,index,true,visible,category=thiet-bi-ve-sinh; subcategory=(null),Gạch ốp tường MELVIO ALDEA INAX HAL-R/MAL,Thiết bị vệ sinh,,,,gach-op-tuong,Gạch ốp tường,true,in_stock,/gach-op-lat/gach-op-tuong/gach-op-tuong-melvio-aldea-inax-hal-rmal,true,true,no,missing,none,no,no,high,high,high,high,medium,patch_before_migrate,legacy_fields_not_aligned_with_target
thiet-bi-ve-sinh -> gach-op-lat,thiet-bi-ve-sinh,all,gach-op-tuong-pastel-plain-color-inax-255ppc,gach-op-lat,gach-op-tuong,/thiet-bi-ve-sinh/all/gach-op-tuong-pastel-plain-color-inax-255ppc,/gach-op-lat/gach-op-tuong/gach-op-tuong-pastel-plain-color-inax-255ppc,7860,INAX-255/PPC-103,thiet-bi-ve-sinh,,gach-op-lat/gach-op-tuong,public,public,default,index,true,visible,category=thiet-bi-ve-sinh; subcategory=(null),Gạch ốp tường PASTEL PLAIN COLOR INAX-255/PPC,Thiết bị vệ sinh,,,,gach-op-tuong,Gạch ốp tường,true,in_stock,/gach-op-lat/gach-op-tuong/gach-op-tuong-pastel-plain-color-inax-255ppc,true,true,no,missing,none,no,no,high,high,high,high,medium,patch_before_migrate,legacy_fields_not_aligned_with_target
thiet-bi-ve-sinh -> gach-op-lat,thiet-bi-ve-sinh,all,gach-op-tuong-r-border-inax-40brb,gach-op-lat,gach-op-tuong,/thiet-bi-ve-sinh/all/gach-op-tuong-r-border-inax-40brb,/gach-op-lat/gach-op-tuong/gach-op-tuong-r-border-inax-40brb,7846,INAX-40B/RB-3,thiet-bi-ve-sinh,,gach-op-lat/gach-op-tuong,public,public,default,index,true,visible,category=thiet-bi-ve-sinh; subcategory=(null),Gạch ốp tường R-BORDER INAX-40B/RB,Thiết bị vệ sinh,,,,gach-op-tuong,Gạch ốp tường,true,in_stock,/gach-op-lat/gach-op-tuong/gach-op-tuong-r-border-inax-40brb,true,true,no,missing,none,no,no,high,high,high,high,medium,patch_before_migrate,legacy_fields_not_aligned_with_target
thiet-bi-ve-sinh -> gach-op-lat,thiet-bi-ve-sinh,all,gach-op-tuong-r-border-inax-40brb-2,gach-op-lat,gach-op-tuong,/thiet-bi-ve-sinh/all/gach-op-tuong-r-border-inax-40brb-2,/gach-op-lat/gach-op-tuong/gach-op-tuong-r-border-inax-40brb-2,9963,INAX-40B/RB-1,thiet-bi-ve-sinh,,gach-op-lat/gach-op-tuong,public,public,default,index,true,visible,category=thiet-bi-ve-sinh; subcategory=(null),Gạch ốp tường R-BORDER INAX-40B/RB,Thiết bị vệ sinh,,,,gach-op-tuong,Gạch ốp tường,true,in_stock,/gach-op-lat/gach-op-tuong/gach-op-tuong-r-border-inax-40brb-2,true,true,no,missing,none,no,no,high,high,high,high,medium,patch_before_migrate,legacy_fields_not_aligned_with_target
thiet-bi-ve-sinh -> gach-op-lat,thiet-bi-ve-sinh,all,gach-op-tuong-sb-stone-border-inax-30bsb,gach-op-lat,gach-op-tuong,/thiet-bi-ve-sinh/all/gach-op-tuong-sb-stone-border-inax-30bsb,/gach-op-lat/gach-op-tuong/gach-op-tuong-sb-stone-border-inax-30bsb,7848,INAX-30B/SB-1,thiet-bi-ve-sinh,,gach-op-lat/gach-op-tuong,public,public,default,index,true,visible,category=thiet-bi-ve-sinh; subcategory=(null),Gạch ốp tường SB-STONE BORDER INAX-30B/SB,Thiết bị vệ sinh,,,,gach-op-tuong,Gạch ốp tường,true,in_stock,/gach-op-lat/gach-op-tuong/gach-op-tuong-sb-stone-border-inax-30bsb,true,true,no,missing,none,no,no,high,high,high,high,medium,patch_before_migrate,legacy_fields_not_aligned_with_target
thiet-bi-ve-sinh -> gach-op-lat,thiet-bi-ve-sinh,all,gach-op-tuong-slc-shijyu-luster-color-inax-255slc,gach-op-lat,gach-op-tuong,/thiet-bi-ve-sinh/all/gach-op-tuong-slc-shijyu-luster-color-inax-255slc,/gach-op-lat/gach-op-tuong/gach-op-tuong-slc-shijyu-luster-color-inax-255slc,7857,INAX-255/SLC-1,thiet-bi-ve-sinh,,gach-op-lat/gach-op-tuong,public,public,default,index,true,visible,category=thiet-bi-ve-sinh; subcategory=(null),Gạch ốp tường SLC-SHIJYU LUSTER COLOR INAX-255/SLC,Thiết bị vệ sinh,,,,gach-op-tuong,Gạch ốp tường,true,in_stock,/gach-op-lat/gach-op-tuong/gach-op-tuong-slc-shijyu-luster-color-inax-255slc,true,true,no,missing,none,no,no,high,high,high,high,medium,patch_before_migrate,legacy_fields_not_aligned_with_target
thiet-bi-ve-sinh -> gach-op-lat,thiet-bi-ve-sinh,all,gach-op-tuong-takeborder-inax-30btkb,gach-op-lat,gach-op-tuong,/thiet-bi-ve-sinh/all/gach-op-tuong-takeborder-inax-30btkb,/gach-op-lat/gach-op-tuong/gach-op-tuong-takeborder-inax-30btkb,7847,INAX-30B/TKB-1,thiet-bi-ve-sinh,,gach-op-lat/gach-op-tuong,public,public,default,index,true,visible,category=thiet-bi-ve-sinh; subcategory=(null),Gạch ốp tường TAKEBORDER INAX-30B/TKB,Thiết bị vệ sinh,,,,gach-op-tuong,Gạch ốp tường,true,in_stock,/gach-op-lat/gach-op-tuong/gach-op-tuong-takeborder-inax-30btkb,true,true,no,missing,none,no,no,high,high,high,high,medium,patch_before_migrate,legacy_fields_not_aligned_with_target
thiet-bi-ve-sinh -> gach-op-lat,thiet-bi-ve-sinh,all,gach-op-tuong-tanada-inax-255tnd,gach-op-lat,gach-op-tuong,/thiet-bi-ve-sinh/all/gach-op-tuong-tanada-inax-255tnd,/gach-op-lat/gach-op-tuong/gach-op-tuong-tanada-inax-255tnd,7839,INAX-255/TND-1,thiet-bi-ve-sinh,,gach-op-lat/gach-op-tuong,public,public,default,index,true,visible,category=thiet-bi-ve-sinh; subcategory=(null),Gạch ốp tường TANADA INAX-255/TND,Thiết bị vệ sinh,,,,gach-op-tuong,Gạch ốp tường,true,in_stock,/gach-op-lat/gach-op-tuong/gach-op-tuong-tanada-inax-255tnd,true,true,no,missing,none,no,no,high,high,high,high,medium,patch_before_migrate,legacy_fields_not_aligned_with_target
thiet-bi-ve-sinh -> gach-op-lat,thiet-bi-ve-sinh,all,gach-op-tuong-viz-zen-su-dung-vua-inax-hoac-keo-dan-inax-2312viz,gach-op-lat,gach-op-tuong,/thiet-bi-ve-sinh/all/gach-op-tuong-viz-zen-su-dung-vua-inax-hoac-keo-dan-inax-2312viz,/gach-op-lat/gach-op-tuong/gach-op-tuong-viz-zen-su-dung-vua-inax-hoac-keo-dan-inax-2312viz,7853,INAX-2312/VIZ-1-DK,thiet-bi-ve-sinh,,gach-op-lat/gach-op-tuong,public,public,default,index,true,visible,category=thiet-bi-ve-sinh; subcategory=(null),Gạch ốp tường VIZ ZEN sử dụng vữa INAX hoặc keo dán INAX-2312VIZ (INAX2312VIZ),Thiết bị vệ sinh,,,,gach-op-tuong,Gạch ốp tường,true,in_stock,/gach-op-lat/gach-op-tuong/gach-op-tuong-viz-zen-su-dung-vua-inax-hoac-keo-dan-inax-2312viz,true,true,no,missing,none,no,no,high,high,high,high,medium,patch_before_migrate,legacy_fields_not_aligned_with_target
thiet-bi-ve-sinh -> gach-op-lat,thiet-bi-ve-sinh,all,gach-op-tuong-wave-border-inax-dcf-20bnetwab,gach-op-lat,gach-op-tuong,/thiet-bi-ve-sinh/all/gach-op-tuong-wave-border-inax-dcf-20bnetwab,/gach-op-lat/gach-op-tuong/gach-op-tuong-wave-border-inax-dcf-20bnetwab,7830,DCF-20BNET/WAB-1,thiet-bi-ve-sinh,,gach-op-lat/gach-op-tuong,public,public,default,index,true,visible,category=thiet-bi-ve-sinh; subcategory=(null),Gạch ốp tường WAVE BORDER INAX DCF-20BNET/WAB,Thiết bị vệ sinh,,,,gach-op-tuong,Gạch ốp tường,true,in_stock,/gach-op-lat/gach-op-tuong/gach-op-tuong-wave-border-inax-dcf-20bnetwab,true,true,no,missing,none,no,no,high,high,high,high,medium,patch_before_migrate,legacy_fields_not_aligned_with_target
thiet-bi-ve-sinh -> gach-op-lat,thiet-bi-ve-sinh,all,gach-op-tuong-wv-waves-inax-50p1wv,gach-op-lat,gach-op-tuong,/thiet-bi-ve-sinh/all/gach-op-tuong-wv-waves-inax-50p1wv,/gach-op-lat/gach-op-tuong/gach-op-tuong-wv-waves-inax-50p1wv,7836,IM-50P1/WV-1,thiet-bi-ve-sinh,,gach-op-lat/gach-op-tuong,public,public,default,index,true,visible,category=thiet-bi-ve-sinh; subcategory=(null),Gạch ốp tường WV-WAVES INAX-50P1/WV,Thiết bị vệ sinh,,,,gach-op-tuong,Gạch ốp tường,true,in_stock,/gach-op-lat/gach-op-tuong/gach-op-tuong-wv-waves-inax-50p1wv,true,true,no,missing,none,no,no,high,high,high,high,medium,patch_before_migrate,legacy_fields_not_aligned_with_target
thiet-bi-ve-sinh -> thiet-bi-bep,thiet-bi-ve-sinh,chau-rua-chen,bo-xa-chau-rua-chen-grohe-40986sd0-20585,thiet-bi-bep,chau-rua-chen,/thiet-bi-ve-sinh/chau-rua-chen/bo-xa-chau-rua-chen-grohe-40986sd0-20585,/thiet-bi-bep/chau-rua-chen/bo-xa-chau-rua-chen-grohe-40986sd0-20585,24561,40986SD0,thiet-bi-ve-sinh,chau-rua-chen,thiet-bi-bep/chau-rua-chen,public,public,default,index,true,visible,category=thiet-bi-ve-sinh,Bộ xả chậu rửa chén GROHE 40986SD0,Thiết bị vệ sinh,Chậu Rửa Chén,chau-rua-chen,,chau-rua-chen,Chậu rửa chén,false,in_stock,/thiet-bi-bep/chau-rua-chen/bo-xa-chau-rua-chen-grohe-40986sd0-20585,true,true,no,missing,none,no,no,high,high,high,high,low,patch_before_migrate,legacy_fields_not_aligned_with_target
thiet-bi-ve-sinh -> thiet-bi-bep,thiet-bi-ve-sinh,chau-rua-chen,gio-dat-len-chau-rua-chen-moen-23701-10158,thiet-bi-bep,chau-rua-chen,/thiet-bi-ve-sinh/chau-rua-chen/gio-dat-len-chau-rua-chen-moen-23701-10158,/thiet-bi-bep/chau-rua-chen/gio-dat-len-chau-rua-chen-moen-23701-10158,5202,23701,thiet-bi-ve-sinh,chau-rua-chen,thiet-bi-bep/chau-rua-chen,public,public,default,index,true,visible,category=thiet-bi-ve-sinh,Giỏ đặt lên chậu rửa chén MOEN 23701,Thiết bị vệ sinh,Chậu Rửa Chén,chau-rua-chen,,chau-rua-chen,Chậu rửa chén,false,in_stock,/thiet-bi-bep/chau-rua-chen/gio-dat-len-chau-rua-chen-moen-23701-10158,true,true,no,missing,none,no,no,high,high,high,high,low,patch_before_migrate,legacy_fields_not_aligned_with_target
thiet-bi-ve-sinh -> thiet-bi-bep,thiet-bi-ve-sinh,chau-rua-chen,khay-dat-len-chau-rua-chen-moen-23708-10160,thiet-bi-bep,chau-rua-chen,/thiet-bi-ve-sinh/chau-rua-chen/khay-dat-len-chau-rua-chen-moen-23708-10160,/thiet-bi-bep/chau-rua-chen/khay-dat-len-chau-rua-chen-moen-23708-10160,5204,23708,thiet-bi-ve-sinh,chau-rua-chen,thiet-bi-bep/chau-rua-chen,public,public,default,index,true,visible,category=thiet-bi-ve-sinh,Khay đặt lên chậu rửa chén MOEN 23708,Thiết bị vệ sinh,Chậu Rửa Chén,chau-rua-chen,,chau-rua-chen,Chậu rửa chén,false,in_stock,/thiet-bi-bep/chau-rua-chen/khay-dat-len-chau-rua-chen-moen-23708-10160,true,true,no,missing,none,no,no,high,high,high,high,low,patch_before_migrate,legacy_fields_not_aligned_with_target
thiet-bi-ve-sinh -> vat-lieu-nuoc,thiet-bi-ve-sinh,may-nuoc-nong,may-nuoc-nong-da-nang-ket-hop-gian-tiep-va-truc-tiep-atmor-inline,vat-lieu-nuoc,may-nuoc-nong,/thiet-bi-ve-sinh/may-nuoc-nong/may-nuoc-nong-da-nang-ket-hop-gian-tiep-va-truc-tiep-atmor-inline,/vat-lieu-nuoc/may-nuoc-nong/may-nuoc-nong-da-nang-ket-hop-gian-tiep-va-truc-tiep-atmor-inline,5347,INLINE,thiet-bi-ve-sinh,may-nuoc-nong,vat-lieu-nuoc/may-nuoc-nong,public,public,default,index,true,visible,category=thiet-bi-ve-sinh,Máy nước nóng đa năng (kết hợp gián tiếp và trực tiếp) ATMOR INLINE,Thiết bị vệ sinh,Máy Nước Nóng,may-nuoc-nong-truc-tiep,,may-nuoc-nong,Máy nước nóng,true,in_stock,/vat-lieu-nuoc/may-nuoc-nong/may-nuoc-nong-da-nang-ket-hop-gian-tiep-va-truc-tiep-atmor-inline,true,true,no,missing,none,no,no,high,high,high,high,low,patch_before_migrate,legacy_fields_not_aligned_with_target
thiet-bi-ve-sinh -> vat-lieu-nuoc,thiet-bi-ve-sinh,may-nuoc-nong,may-nuoc-nong-gian-tiep-15l-atmor-at-15e,vat-lieu-nuoc,may-nuoc-nong,/thiet-bi-ve-sinh/may-nuoc-nong/may-nuoc-nong-gian-tiep-15l-atmor-at-15e,/vat-lieu-nuoc/may-nuoc-nong/may-nuoc-nong-gian-tiep-15l-atmor-at-15e,5345,AT-15E,thiet-bi-ve-sinh,may-nuoc-nong,vat-lieu-nuoc/may-nuoc-nong,public,public,default,index,true,visible,category=thiet-bi-ve-sinh,Máy nước nóng gián tiếp 15L ATMOR AT-15E (AT15E),Thiết bị vệ sinh,Máy Nước Nóng,may-nuoc-nong-truc-tiep,,may-nuoc-nong,Máy nước nóng,true,in_stock,/vat-lieu-nuoc/may-nuoc-nong/may-nuoc-nong-gian-tiep-15l-atmor-at-15e,true,true,no,missing,none,no,no,high,high,high,high,low,patch_before_migrate,legacy_fields_not_aligned_with_target
thiet-bi-ve-sinh -> vat-lieu-nuoc,thiet-bi-ve-sinh,may-nuoc-nong,may-nuoc-nong-gian-tiep-30l-atmor-at-30e,vat-lieu-nuoc,may-nuoc-nong,/thiet-bi-ve-sinh/may-nuoc-nong/may-nuoc-nong-gian-tiep-30l-atmor-at-30e,/vat-lieu-nuoc/may-nuoc-nong/may-nuoc-nong-gian-tiep-30l-atmor-at-30e,5346,AT-30E,thiet-bi-ve-sinh,may-nuoc-nong,vat-lieu-nuoc/may-nuoc-nong,public,public,default,index,true,visible,category=thiet-bi-ve-sinh,Máy nước nóng gián tiếp 30L ATMOR AT-30E (AT30E),Thiết bị vệ sinh,Máy Nước Nóng,may-nuoc-nong-truc-tiep,,may-nuoc-nong,Máy nước nóng,true,in_stock,/vat-lieu-nuoc/may-nuoc-nong/may-nuoc-nong-gian-tiep-30l-atmor-at-30e,true,true,no,missing,none,no,no,high,high,high,high,low,patch_before_migrate,legacy_fields_not_aligned_with_target
thiet-bi-ve-sinh -> vat-lieu-nuoc,thiet-bi-ve-sinh,may-nuoc-nong,may-nuoc-nong-gian-tiep-atmor-at-30h-at-50h-at-80h,vat-lieu-nuoc,may-nuoc-nong,/thiet-bi-ve-sinh/may-nuoc-nong/may-nuoc-nong-gian-tiep-atmor-at-30h-at-50h-at-80h,/vat-lieu-nuoc/may-nuoc-nong/may-nuoc-nong-gian-tiep-atmor-at-30h-at-50h-at-80h,5343,AT-30H,thiet-bi-ve-sinh,may-nuoc-nong,vat-lieu-nuoc/may-nuoc-nong,public,public,default,index,true,visible,category=thiet-bi-ve-sinh,Máy nước nóng gián tiếp ATMOR AT-30H / AT-50H / AT-80H,Thiết bị vệ sinh,Máy Nước Nóng,may-nuoc-nong-gian-tiep,,may-nuoc-nong,Máy nước nóng,true,in_stock,/vat-lieu-nuoc/may-nuoc-nong/may-nuoc-nong-gian-tiep-atmor-at-30h-at-50h-at-80h,true,true,no,missing,none,no,no,high,high,high,high,low,patch_before_migrate,legacy_fields_not_aligned_with_target
thiet-bi-ve-sinh -> vat-lieu-nuoc,thiet-bi-ve-sinh,may-nuoc-nong,may-nuoc-nong-gian-tiep-dieu-khien-tu-xa-atmor-at-50hr-at-80hr,vat-lieu-nuoc,may-nuoc-nong,/thiet-bi-ve-sinh/may-nuoc-nong/may-nuoc-nong-gian-tiep-dieu-khien-tu-xa-atmor-at-50hr-at-80hr,/vat-lieu-nuoc/may-nuoc-nong/may-nuoc-nong-gian-tiep-dieu-khien-tu-xa-atmor-at-50hr-at-80hr,5344,AT-50HR,thiet-bi-ve-sinh,may-nuoc-nong,vat-lieu-nuoc/may-nuoc-nong,public,public,default,index,true,visible,category=thiet-bi-ve-sinh,Máy nước nóng gián tiếp điều khiển từ xa ATMOR AT-50HR / AT-80HR,Thiết bị vệ sinh,Máy Nước Nóng,may-nuoc-nong-gian-tiep,,may-nuoc-nong,Máy nước nóng,true,in_stock,/vat-lieu-nuoc/may-nuoc-nong/may-nuoc-nong-gian-tiep-dieu-khien-tu-xa-atmor-at-50hr-at-80hr,true,true,no,missing,none,no,no,high,high,high,high,low,patch_before_migrate,legacy_fields_not_aligned_with_target
thiet-bi-ve-sinh -> vat-lieu-nuoc,thiet-bi-ve-sinh,may-nuoc-nong,may-nuoc-nong-gian-tiep-kieu-dung-atmor,vat-lieu-nuoc,may-nuoc-nong,/thiet-bi-ve-sinh/may-nuoc-nong/may-nuoc-nong-gian-tiep-kieu-dung-atmor,/vat-lieu-nuoc/may-nuoc-nong/may-nuoc-nong-gian-tiep-kieu-dung-atmor,5304,AT-150EV,thiet-bi-ve-sinh,may-nuoc-nong,vat-lieu-nuoc/may-nuoc-nong,public,public,default,index,true,visible,category=thiet-bi-ve-sinh,Máy nước nóng gián tiếp kiểu đứng ATMOR,Thiết bị vệ sinh,Máy Nước Nóng,may-nuoc-nong-gian-tiep,,may-nuoc-nong,Máy nước nóng,true,in_stock,/vat-lieu-nuoc/may-nuoc-nong/may-nuoc-nong-gian-tiep-kieu-dung-atmor,true,true,no,missing,none,no,no,high,high,high,high,low,patch_before_migrate,legacy_fields_not_aligned_with_target
thiet-bi-ve-sinh -> vat-lieu-nuoc,thiet-bi-ve-sinh,may-nuoc-nong,may-nuoc-nong-gian-tiep-kieu-ngang-atmor-at-30eh-at-50eh-at-80eh,vat-lieu-nuoc,may-nuoc-nong,/thiet-bi-ve-sinh/may-nuoc-nong/may-nuoc-nong-gian-tiep-kieu-ngang-atmor-at-30eh-at-50eh-at-80eh,/vat-lieu-nuoc/may-nuoc-nong/may-nuoc-nong-gian-tiep-kieu-ngang-atmor-at-30eh-at-50eh-at-80eh,5305,AT-50EH,thiet-bi-ve-sinh,may-nuoc-nong,vat-lieu-nuoc/may-nuoc-nong,public,public,default,index,true,visible,category=thiet-bi-ve-sinh,Máy nước nóng gián tiếp kiểu ngang ATMOR AT-30EH / AT-50EH / AT-80EH,Thiết bị vệ sinh,Máy Nước Nóng,may-nuoc-nong-gian-tiep,,may-nuoc-nong,Máy nước nóng,true,in_stock,/vat-lieu-nuoc/may-nuoc-nong/may-nuoc-nong-gian-tiep-kieu-ngang-atmor-at-30eh-at-50eh-at-80eh,true,true,no,missing,none,no,no,high,high,high,high,low,patch_before_migrate,legacy_fields_not_aligned_with_target
thiet-bi-ve-sinh -> vat-lieu-nuoc,thiet-bi-ve-sinh,may-nuoc-nong,may-nuoc-nong-gian-tiep-kieu-ngang-atmor-at-30eht-at-50eht,vat-lieu-nuoc,may-nuoc-nong,/thiet-bi-ve-sinh/may-nuoc-nong/may-nuoc-nong-gian-tiep-kieu-ngang-atmor-at-30eht-at-50eht,/vat-lieu-nuoc/may-nuoc-nong/may-nuoc-nong-gian-tiep-kieu-ngang-atmor-at-30eht-at-50eht,5306,AT-50EHT,thiet-bi-ve-sinh,may-nuoc-nong,vat-lieu-nuoc/may-nuoc-nong,public,public,default,index,true,visible,category=thiet-bi-ve-sinh,Máy nước nóng gián tiếp kiểu ngang ATMOR AT-30EHT / AT-50EHT,Thiết bị vệ sinh,Máy Nước Nóng,may-nuoc-nong-gian-tiep,,may-nuoc-nong,Máy nước nóng,true,in_stock,/vat-lieu-nuoc/may-nuoc-nong/may-nuoc-nong-gian-tiep-kieu-ngang-atmor-at-30eht-at-50eht,true,true,no,missing,none,no,no,high,high,high,high,low,patch_before_migrate,legacy_fields_not_aligned_with_target
thiet-bi-ve-sinh -> vat-lieu-nuoc,thiet-bi-ve-sinh,may-nuoc-nong,may-nuoc-nong-truc-tiep-5kw-atmor-lotus,vat-lieu-nuoc,may-nuoc-nong,/thiet-bi-ve-sinh/may-nuoc-nong/may-nuoc-nong-truc-tiep-5kw-atmor-lotus,/vat-lieu-nuoc/may-nuoc-nong/may-nuoc-nong-truc-tiep-5kw-atmor-lotus,5342,LOTUS,thiet-bi-ve-sinh,may-nuoc-nong,vat-lieu-nuoc/may-nuoc-nong,public,public,default,index,true,visible,category=thiet-bi-ve-sinh,Máy nước nóng trực tiếp 5kW ATMOR LOTUS,Thiết bị vệ sinh,Máy Nước Nóng,may-nuoc-nong-truc-tiep,,may-nuoc-nong,Máy nước nóng,true,in_stock,/vat-lieu-nuoc/may-nuoc-nong/may-nuoc-nong-truc-tiep-5kw-atmor-lotus,true,true,no,missing,none,no,no,high,high,high,high,low,patch_before_migrate,legacy_fields_not_aligned_with_target
thiet-bi-ve-sinh -> vat-lieu-nuoc,thiet-bi-ve-sinh,may-nuoc-nong,may-nuoc-nong-truc-tiep-5kw-atmor-new,vat-lieu-nuoc,may-nuoc-nong,/thiet-bi-ve-sinh/may-nuoc-nong/may-nuoc-nong-truc-tiep-5kw-atmor-new,/vat-lieu-nuoc/may-nuoc-nong/may-nuoc-nong-truc-tiep-5kw-atmor-new,5341,NEW,thiet-bi-ve-sinh,may-nuoc-nong,vat-lieu-nuoc/may-nuoc-nong,public,public,default,index,true,visible,category=thiet-bi-ve-sinh,Máy nước nóng trực tiếp 5kW ATMOR NEW,Thiết bị vệ sinh,Máy Nước Nóng,may-nuoc-nong-truc-tiep,,may-nuoc-nong,Máy nước nóng,true,in_stock,/vat-lieu-nuoc/may-nuoc-nong/may-nuoc-nong-truc-tiep-5kw-atmor-new,true,true,no,missing,none,no,no,high,high,high,high,low,patch_before_migrate,legacy_fields_not_aligned_with_target
thiet-bi-ve-sinh -> vat-lieu-nuoc,thiet-bi-ve-sinh,may-nuoc-nong,may-nuoc-nong-truc-tiep-sieu-mong-3-5kw-atmor-at-368e,vat-lieu-nuoc,may-nuoc-nong,/thiet-bi-ve-sinh/may-nuoc-nong/may-nuoc-nong-truc-tiep-sieu-mong-3-5kw-atmor-at-368e,/vat-lieu-nuoc/may-nuoc-nong/may-nuoc-nong-truc-tiep-sieu-mong-3-5kw-atmor-at-368e,5339,AT-368E,thiet-bi-ve-sinh,may-nuoc-nong,vat-lieu-nuoc/may-nuoc-nong,public,public,default,index,true,visible,category=thiet-bi-ve-sinh,Máy nước nóng trực tiếp siêu mỏng 3.5kW ATMOR AT-368E (AT368E),Thiết bị vệ sinh,Máy Nước Nóng,may-nuoc-nong-truc-tiep,,may-nuoc-nong,Máy nước nóng,true,in_stock,/vat-lieu-nuoc/may-nuoc-nong/may-nuoc-nong-truc-tiep-sieu-mong-3-5kw-atmor-at-368e,true,true,no,missing,none,no,no,high,high,high,high,low,patch_before_migrate,legacy_fields_not_aligned_with_target
thiet-bi-ve-sinh -> vat-lieu-nuoc,thiet-bi-ve-sinh,may-nuoc-nong,may-nuoc-nong-truc-tiep-sieu-mong-4-5kw-atmor-at-378ep,vat-lieu-nuoc,may-nuoc-nong,/thiet-bi-ve-sinh/may-nuoc-nong/may-nuoc-nong-truc-tiep-sieu-mong-4-5kw-atmor-at-378ep,/vat-lieu-nuoc/may-nuoc-nong/may-nuoc-nong-truc-tiep-sieu-mong-4-5kw-atmor-at-378ep,5340,AT-378EP,thiet-bi-ve-sinh,may-nuoc-nong,vat-lieu-nuoc/may-nuoc-nong,public,public,default,index,true,visible,category=thiet-bi-ve-sinh,Máy nước nóng trực tiếp siêu mỏng 4.5kW ATMOR AT-378EP (AT378EP),Thiết bị vệ sinh,Máy Nước Nóng,may-nuoc-nong-truc-tiep,,may-nuoc-nong,Máy nước nóng,true,in_stock,/vat-lieu-nuoc/may-nuoc-nong/may-nuoc-nong-truc-tiep-sieu-mong-4-5kw-atmor-at-378ep,true,true,no,missing,none,no,no,high,high,high,high,low,patch_before_migrate,legacy_fields_not_aligned_with_target
