lane,product_id,sku,name,category_slug,subcategory_slug,brand_name,product_type,product_sub_type,publication_status,pdp_visibility,listing_visibility,search_visibility,seo_indexing,sitemap_include,stock_status,has_primary_taxon
gach-op-lat,39435,ECP-25NET-LUX-13,Gạch nội thất ECOCARAT PLUS LUXURY MOSAIC INAX ECP-25NET/LUX,gach-op-lat,gach-inax-ecocarat,INAX,,,public,public,default,visible,index,true,in_stock,true
gach-op-lat,7824,ECP-25NET-LUX-12,Gạch nội thất ECOCARAT PLUS LUXURY MOSAIC INAX ECP-25NET/LUX,gach-op-lat,gach-inax-ecocarat,INAX,,,public,public,default,visible,index,true,in_stock,true
gach-op-lat,39437,ECP-60NET/PMK12,Gạch nội thất ECOCARAT PLUS PEARL MASK INAX ECP-60NET/PMK,gach-op-lat,gach-inax-ecocarat,INAX,,,public,public,default,visible,index,true,in_stock,true
gach-op-lat,7826,ECP-60NET/PMK11,Gạch nội thất ECOCARAT PLUS PEARL MASK INAX ECP-60NET/PMK,gach-op-lat,gach-inax-ecocarat,INAX,,,public,public,default,visible,index,true,in_stock,true
gach-op-lat,12027,ECP-60NET/QLT1,Gạch nội thất ECOCARAT PLUS QUILT INAX ECP-60NET/QLT,gach-op-lat,gach-inax-ecocarat,INAX,,,public,public,default,visible,index,true,in_stock,true
gach-op-lat,7827,ECP-60NET/QLT2,Gạch nội thất ECOCARAT PLUS QUILT INAX ECP-60NET/QLT,gach-op-lat,gach-inax-ecocarat,INAX,,,public,public,default,visible,index,true,in_stock,true
gach-op-lat,12032,ECP-303/RBM1N,Gạch nội thất ECOCARAT PLUS RIBMIX INAX ECP-303/RBM,gach-op-lat,gach-inax-ecocarat,INAX,,,public,public,default,visible,index,true,in_stock,true
gach-op-lat,7822,ECP-303/RBM2N,Gạch nội thất ECOCARAT PLUS RIBMIX INAX ECP-303/RBM,gach-op-lat,gach-inax-ecocarat,INAX,,,public,public,default,visible,index,true,in_stock,true
gach-op-lat,39440,ECP-303/RBM3N,Gạch nội thất ECOCARAT PLUS RIBMIX INAX ECP-303/RBM,gach-op-lat,gach-inax-ecocarat,INAX,,,public,public,default,visible,index,true,in_stock,true
gach-op-lat,7829,ECP-375/RTZ1N,Gạch nội thất ECOCARAT PLUS ROUGH QUARTZ INAX ECP-375/RTZ,gach-op-lat,gach-inax-ecocarat,INAX,,,public,public,default,visible,index,true,in_stock,true
gach-op-lat,39439,ECP-375/RTZ2N,Gạch nội thất ECOCARAT PLUS ROUGH QUARTZ INAX ECP-375/RTZ,gach-op-lat,gach-inax-ecocarat,INAX,,,public,public,default,visible,index,true,in_stock,true
gach-op-lat,39438,ECP-375/RTZ3N,Gạch nội thất ECOCARAT PLUS ROUGH QUARTZ INAX ECP-375/RTZ,gach-op-lat,gach-inax-ecocarat,INAX,,,public,public,default,visible,index,true,in_stock,true
gach-op-lat,7828,ECP-275NET/RGS1,Gạch nội thất ECOCARAT PLUS ROUGHSAWN INAX ECP-275/RGS,gach-op-lat,gach-inax-ecocarat,INAX,,,public,public,default,visible,index,true,in_stock,true
gach-op-lat,39443,ECP-275NET/RGS2,Gạch nội thất ECOCARAT PLUS ROUGHSAWN INAX ECP-275/RGS,gach-op-lat,gach-inax-ecocarat,INAX,,,public,public,default,visible,index,true,in_stock,true
gach-op-lat,39442,ECP-275NET/RGS3,Gạch nội thất ECOCARAT PLUS ROUGHSAWN INAX ECP-275/RGS,gach-op-lat,gach-inax-ecocarat,INAX,,,public,public,default,visible,index,true,in_stock,true
gach-op-lat,39441,ECP-630/STG-4N,Gạch nội thất ECOCARAT PLUS STONE GRACE INAX ECP-630/STG,gach-op-lat,gach-inax-ecocarat,INAX,,,public,public,default,visible,index,true,in_stock,true
gach-op-lat,7823,ECP-630/STG-1N,Gạch nội thất ECOCARAT PLUS STONE GRACE INAX ECP-630/STG,gach-op-lat,gach-inax-ecocarat,INAX,,,public,public,default,visible,index,true,in_stock,true
gach-op-lat,7825,ECO-30NET/WE2NN,Gạch nội thất ECOCARAT PLUS VELE INAX ECP-30NET/WE,gach-op-lat,gach-inax-ecocarat,INAX,,,public,public,default,visible,index,true,in_stock,true
gach-op-lat,39444,ECO-30NET/WE3NN,Gạch nội thất ECOCARAT PLUS VELE INAX ECP-30NET/WE,gach-op-lat,gach-inax-ecocarat,INAX,,,public,public,default,visible,index,true,in_stock,true
gach-op-lat,7816,INAX-255/90-14/POL-B1-B2-B3,"Gạch góc hồ bơi 255/90-14 INAX-255/90-14/POL-B1,B2,B3",gach-op-lat,gach-op-lat,INAX,,,public,public,low_priority,visible,index,true,in_stock,true
gach-op-lat,7817,INAX-255/90-15/POL-B1-B2-B3,"Gạch góc hồ bơi 255/90-15 INAX-255/90-15/POL-B1,B2,B3",gach-op-lat,gach-op-lat,INAX,,,public,public,default,visible,index,true,in_stock,true
gach-op-lat,7818,INAX-47/90-14/POL-B1-B2-B3,"Gạch góc hồ bơi 47 INAX-47/90-14/POL-B1,B2,B3",gach-op-lat,gach-op-lat,INAX,,,public,public,default,visible,index,true,in_stock,true
gach-op-lat,39434,INAX-1025/POL-G1/G2/G3,"Gạch hồ bơi INAX 22.5 x 22.5 1025/POL-B1,2,3:G1,2,3",gach-op-lat,gach-op-lat,INAX,,,public,public,default,visible,index,true,in_stock,true
gach-op-lat,7819,INAX-1025/POL-B1/B2/B3,"Gạch hồ bơi INAX 22.5 x 22.5 1025/POL-B1,2,3:G1,2,3",gach-op-lat,gach-op-lat,INAX,,,public,public,default,visible,index,true,in_stock,true
gach-op-lat,7821,47/POL-B1,"Gạch hồ bơi INAX 47 x 47 47/POL-B1,2,3: G1,2,3",gach-op-lat,gach-op-lat,INAX,,,public,public,default,visible,index,true,in_stock,true
gach-op-lat,7820,INAX-97/POL-B1/B2/B3,"Gạch hồ bơi INAX 97 x 97 97/POL-B1,2,3: G1,2,3",gach-op-lat,gach-op-lat,INAX,,,public,public,default,visible,index,true,in_stock,true
gach-op-lat,39436,INAX-97/POL-G1/G2/G3,"Gạch hồ bơi INAX 97 x 97 97/POL-B1,2,3: G1,2,3",gach-op-lat,gach-op-lat,INAX,,,public,public,default,visible,index,true,in_stock,true
gach-op-lat,7868,EGR-V2SP/G3,Keo dán gạch INAX EGR-V2SP/G3 (2kg / 1 tuýp),gach-op-lat,gach-op-lat,INAX,,,public,public,default,visible,index,true,in_stock,true
gach-op-lat,39447,INAX-1525/EAC-2,Gạch ốp tường 1525/EAC-EARTH COLOR BORDER INAX-1525/EAC,gach-op-lat,gach-op-tuong,INAX,,,public,public,default,visible,index,true,in_stock,true
gach-op-lat,39446,INAX-1525/EAC-3,Gạch ốp tường 1525/EAC-EARTH COLOR BORDER INAX-1525/EAC,gach-op-lat,gach-op-tuong,INAX,,,public,public,default,visible,index,true,in_stock,true
gach-op-lat,39445,INAX-1525/EAC-4,Gạch ốp tường 1525/EAC-EARTH COLOR BORDER INAX-1525/EAC,gach-op-lat,gach-op-tuong,INAX,,,public,public,default,visible,index,true,in_stock,true
gach-op-lat,7856,INAX-1525/EAC-1,Gạch ốp tường 1525/EAC-EARTH COLOR BORDER INAX-1525/EAC,gach-op-lat,gach-op-tuong,INAX,,,public,public,default,visible,index,true,in_stock,true
gach-op-lat,39450,INAX-255/VIZ-8,Gạch ốp tường 255-VIZ INAX-255VIZ (INAX255VIZ),gach-op-lat,gach-op-tuong,INAX,,,public,public,default,visible,index,true,in_stock,true
gach-op-lat,39448,INAX-255/VIZ-10,Gạch ốp tường 255-VIZ INAX-255VIZ (INAX255VIZ),gach-op-lat,gach-op-tuong,INAX,,,public,public,default,visible,index,true,in_stock,true
gach-op-lat,39449,INAX-255/VIZ-9,Gạch ốp tường 255-VIZ INAX-255VIZ (INAX255VIZ),gach-op-lat,gach-op-tuong,INAX,,,public,public,default,visible,index,true,in_stock,true
gach-op-lat,39452,INAX-255/VIZ-6,Gạch ốp tường 255-VIZ INAX-255VIZ (INAX255VIZ),gach-op-lat,gach-op-tuong,INAX,,,public,public,default,visible,index,true,in_stock,true
gach-op-lat,39451,INAX-255/VIZ-7,Gạch ốp tường 255-VIZ INAX-255VIZ (INAX255VIZ),gach-op-lat,gach-op-tuong,INAX,,,public,public,default,visible,index,true,in_stock,true
gach-op-lat,39456,INAX-255/VIZ-2,Gạch ốp tường 255-VIZ INAX-255VIZ (INAX255VIZ),gach-op-lat,gach-op-tuong,INAX,,,public,public,default,visible,index,true,in_stock,true
gach-op-lat,39453,INAX-255/VIZ-5,Gạch ốp tường 255-VIZ INAX-255VIZ (INAX255VIZ),gach-op-lat,gach-op-tuong,INAX,,,public,public,default,visible,index,true,in_stock,true
gach-op-lat,39454,INAX-255/VIZ-4,Gạch ốp tường 255-VIZ INAX-255VIZ (INAX255VIZ),gach-op-lat,gach-op-tuong,INAX,,,public,public,default,visible,index,true,in_stock,true
gach-op-lat,39455,INAX-255/VIZ-3,Gạch ốp tường 255-VIZ INAX-255VIZ (INAX255VIZ),gach-op-lat,gach-op-tuong,INAX,,,public,public,default,visible,index,true,in_stock,true
gach-op-lat,7859,INAX-255/VIZ-1,Gạch ốp tường 255-VIZ INAX-255VIZ (INAX255VIZ),gach-op-lat,gach-op-tuong,INAX,,,public,public,default,visible,index,true,in_stock,true
gach-op-lat,39460,INAX-355-VIZ-6N,Gạch ốp tường 355-VIZ INAX-355VIZ (INAX355VIZ),gach-op-lat,gach-op-tuong,INAX,,,public,public,default,visible,index,true,in_stock,true
gach-op-lat,39462,INAX-355-VIZ-4N,Gạch ốp tường 355-VIZ INAX-355VIZ (INAX355VIZ),gach-op-lat,gach-op-tuong,INAX,,,public,public,default,visible,index,true,in_stock,true
gach-op-lat,39463,INAX-355-VIZ-3N,Gạch ốp tường 355-VIZ INAX-355VIZ (INAX355VIZ),gach-op-lat,gach-op-tuong,INAX,,,public,public,default,visible,index,true,in_stock,true
gach-op-lat,39464,INAX-355-VIZ-2N,Gạch ốp tường 355-VIZ INAX-355VIZ (INAX355VIZ),gach-op-lat,gach-op-tuong,INAX,,,public,public,default,visible,index,true,in_stock,true
gach-op-lat,39457,INAX-355-VIZ-9N,Gạch ốp tường 355-VIZ INAX-355VIZ (INAX355VIZ),gach-op-lat,gach-op-tuong,INAX,,,public,public,default,visible,index,true,in_stock,true
gach-op-lat,39465,INAX-355-VIZ-1N,Gạch ốp tường 355-VIZ INAX-355VIZ (INAX355VIZ),gach-op-lat,gach-op-tuong,INAX,,,public,public,default,visible,index,true,in_stock,true
gach-op-lat,39458,INAX-355-VIZ-8N,Gạch ốp tường 355-VIZ INAX-355VIZ (INAX355VIZ),gach-op-lat,gach-op-tuong,INAX,,,public,public,default,visible,index,true,in_stock,true
gach-op-lat,39459,INAX-355-VIZ-7N,Gạch ốp tường 355-VIZ INAX-355VIZ (INAX355VIZ),gach-op-lat,gach-op-tuong,INAX,,,public,public,default,visible,index,true,in_stock,true
gach-op-lat,39461,INAX-355-VIZ-5N,Gạch ốp tường 355-VIZ INAX-355VIZ (INAX355VIZ),gach-op-lat,gach-op-tuong,INAX,,,public,public,default,visible,index,true,in_stock,true
gach-op-lat,7858,INAX-355-VIZ-10N,Gạch ốp tường 355-VIZ INAX-355VIZ (INAX355VIZ),gach-op-lat,gach-op-tuong,INAX,,,public,public,default,visible,index,true,in_stock,true
gach-op-lat,39466,INAX-355/EAC-4,Gạch ốp tường 355/EAC-EARTH COLOR BORDER INAX-355/EAC,gach-op-lat,gach-op-tuong,INAX,,,public,public,default,visible,index,true,in_stock,true
gach-op-lat,39467,INAX-355/EAC-3,Gạch ốp tường 355/EAC-EARTH COLOR BORDER INAX-355/EAC,gach-op-lat,gach-op-tuong,INAX,,,public,public,default,visible,index,true,in_stock,true
gach-op-lat,7855,INAX-355/EAC-1,Gạch ốp tường 355/EAC-EARTH COLOR BORDER INAX-355/EAC,gach-op-lat,gach-op-tuong,INAX,,,public,public,default,visible,index,true,in_stock,true
gach-op-lat,39468,INAX-355/EAC-2,Gạch ốp tường 355/EAC-EARTH COLOR BORDER INAX-355/EAC,gach-op-lat,gach-op-tuong,INAX,,,public,public,default,visible,index,true,in_stock,true
gach-op-lat,39470,INAX-20B/BB-2,Gạch ốp tường BB-BAMBOO BORDER INAX-20B/BB,gach-op-lat,gach-op-tuong,INAX,,,public,public,default,visible,index,true,in_stock,true
gach-op-lat,39469,INAX-20B/BB-3,Gạch ốp tường BB-BAMBOO BORDER INAX-20B/BB,gach-op-lat,gach-op-tuong,INAX,,,public,public,default,visible,index,true,in_stock,true
gach-op-lat,7849,INAX-20B/BB-1,Gạch ốp tường BB-BAMBOO BORDER INAX-20B/BB,gach-op-lat,gach-op-tuong,INAX,,,public,public,default,visible,index,true,in_stock,true
gach-op-lat,7838,IM-1520P1/BL-1,Gạch ốp tường BL-BULLION BORDER INAX IM-1520P1/BL,gach-op-lat,gach-op-tuong,INAX,,,public,public,default,visible,index,true,in_stock,true
gach-op-lat,39472,IM-1520P1/BL-2,Gạch ốp tường BL-BULLION BORDER INAX IM-1520P1/BL,gach-op-lat,gach-op-tuong,INAX,,,public,public,default,visible,index,true,in_stock,true
gach-op-lat,39471,HAL-155/CEF-2,Gạch ốp tường CELAVIO E INAX HAL-155/CEF,gach-op-lat,gach-op-tuong,INAX,,,public,public,default,visible,index,true,in_stock,true
gach-op-lat,7833,HAL-155/CEF-1,Gạch ốp tường CELAVIO E INAX HAL-155/CEF,gach-op-lat,gach-op-tuong,INAX,,,public,public,default,visible,index,true,in_stock,true
gach-op-lat,39476,HAL-35B/GRA-M3,Gạch ốp tường CELAVIOGRAN A INAX HAL-35B/GRA,gach-op-lat,gach-op-tuong,INAX,,,public,public,default,visible,index,true,in_stock,true
gach-op-lat,39477,HAL-35B/GRA-M2,Gạch ốp tường CELAVIOGRAN A INAX HAL-35B/GRA,gach-op-lat,gach-op-tuong,INAX,,,public,public,default,visible,index,true,in_stock,true
gach-op-lat,39475,HAL-35B/GRA-M4,Gạch ốp tường CELAVIOGRAN A INAX HAL-35B/GRA,gach-op-lat,gach-op-tuong,INAX,,,public,public,default,visible,index,true,in_stock,true
gach-op-lat,7832,HAL-35B/GRA-M1,Gạch ốp tường CELAVIOGRAN A INAX HAL-35B/GRA,gach-op-lat,gach-op-tuong,INAX,,,public,public,default,visible,index,true,in_stock,true
gach-op-lat,39473,INAX-40B/CK-6,Gạch ốp tường CHECKER INAX-40B/CK,gach-op-lat,gach-op-tuong,INAX,,,public,public,default,visible,index,true,in_stock,true
gach-op-lat,7845,INAX-40B/CK-1,Gạch ốp tường CHECKER INAX-40B/CK,gach-op-lat,gach-op-tuong,INAX,,,public,public,default,visible,index,true,in_stock,true
gach-op-lat,39474,INAX-40B/CK-3,Gạch ốp tường CHECKER INAX-40B/CK,gach-op-lat,gach-op-tuong,INAX,,,public,public,default,visible,index,true,in_stock,true
gach-op-lat,39487,355SD/CMG-4B,"Gạch ốp tường COOL MIST GLASS INAX-355TT,SD/CMG",gach-op-lat,gach-op-tuong,INAX,,,public,public,default,visible,index,true,in_stock,true
gach-op-lat,39489,355SD/CMG-2B,"Gạch ốp tường COOL MIST GLASS INAX-355TT,SD/CMG",gach-op-lat,gach-op-tuong,INAX,,,public,public,default,visible,index,true,in_stock,true
gach-op-lat,39478,355TT/CMG-4B,"Gạch ốp tường COOL MIST GLASS INAX-355TT,SD/CMG",gach-op-lat,gach-op-tuong,INAX,,,public,public,default,visible,index,true,in_stock,true
gach-op-lat,39482,355TT/CMG-2B,"Gạch ốp tường COOL MIST GLASS INAX-355TT,SD/CMG",gach-op-lat,gach-op-tuong,INAX,,,public,public,default,visible,index,true,in_stock,true
gach-op-lat,39480,355TT/CMG-3B,"Gạch ốp tường COOL MIST GLASS INAX-355TT,SD/CMG",gach-op-lat,gach-op-tuong,INAX,,,public,public,default,visible,index,true,in_stock,true
gach-op-lat,39483,355TT/CMG-1M,"Gạch ốp tường COOL MIST GLASS INAX-355TT,SD/CMG",gach-op-lat,gach-op-tuong,INAX,,,public,public,default,visible,index,true,in_stock,true
gach-op-lat,39488,355SD/CMG-2M,"Gạch ốp tường COOL MIST GLASS INAX-355TT,SD/CMG",gach-op-lat,gach-op-tuong,INAX,,,public,public,default,visible,index,true,in_stock,true
gach-op-lat,39481,355TT/CMG-2M,"Gạch ốp tường COOL MIST GLASS INAX-355TT,SD/CMG",gach-op-lat,gach-op-tuong,INAX,,,public,public,default,visible,index,true,in_stock,true
gach-op-lat,39484,355TT/CMG-1B,"Gạch ốp tường COOL MIST GLASS INAX-355TT,SD/CMG",gach-op-lat,gach-op-tuong,INAX,,,public,public,default,visible,index,true,in_stock,true
gach-op-lat,39479,355TT/CMG-5B,"Gạch ốp tường COOL MIST GLASS INAX-355TT,SD/CMG",gach-op-lat,gach-op-tuong,INAX,,,public,public,default,visible,index,true,in_stock,true
gach-op-lat,39485,355SD/CMG-5B,"Gạch ốp tường COOL MIST GLASS INAX-355TT,SD/CMG",gach-op-lat,gach-op-tuong,INAX,,,public,public,default,visible,index,true,in_stock,true
gach-op-lat,7854,355SD/CMG-1B,"Gạch ốp tường COOL MIST GLASS INAX-355TT,SD/CMG",gach-op-lat,gach-op-tuong,INAX,,,public,public,default,visible,index,true,in_stock,true
gach-op-lat,39486,355SD/CMG-3B,"Gạch ốp tường COOL MIST GLASS INAX-355TT,SD/CMG",gach-op-lat,gach-op-tuong,INAX,,,public,public,default,visible,index,true,in_stock,true
gach-op-lat,39490,355SD/CMG-1M,"Gạch ốp tường COOL MIST GLASS INAX-355TT,SD/CMG",gach-op-lat,gach-op-tuong,INAX,,,public,public,default,visible,index,true,in_stock,true
gach-op-lat,39491,IM-50P1/DL-2,Gạch ốp tường DL-DELTA INAX IM-50P1/DL,gach-op-lat,gach-op-tuong,INAX,,,public,public,default,visible,index,true,in_stock,true
gach-op-lat,7837,IM-50P1/DL-1,Gạch ốp tường DL-DELTA INAX IM-50P1/DL,gach-op-lat,gach-op-tuong,INAX,,,public,public,default,visible,index,true,in_stock,true
gach-op-lat,39494,INAX-255/DPL-106V,Gạch ốp tường DPL POINT COLOR INAX-255/DPL,gach-op-lat,gach-op-tuong,INAX,,,public,public,default,visible,index,true,in_stock,true
gach-op-lat,39493,INAX-255/DPL-107V,Gạch ốp tường DPL POINT COLOR INAX-255/DPL,gach-op-lat,gach-op-tuong,INAX,,,public,public,default,visible,index,true,in_stock,true
gach-op-lat,39495,INAX-255/DPL-104V,Gạch ốp tường DPL POINT COLOR INAX-255/DPL,gach-op-lat,gach-op-tuong,INAX,,,public,public,default,visible,index,true,in_stock,true
gach-op-lat,7861,INAX-255/DPL-101V,Gạch ốp tường DPL POINT COLOR INAX-255/DPL,gach-op-lat,gach-op-tuong,INAX,,,public,public,default,visible,index,true,in_stock,true
gach-op-lat,39492,INAX-255/DPL-108V,Gạch ốp tường DPL POINT COLOR INAX-255/DPL,gach-op-lat,gach-op-tuong,INAX,,,public,public,default,visible,index,true,in_stock,true
gach-op-lat,39496,INAX-255/DPL-103V,Gạch ốp tường DPL POINT COLOR INAX-255/DPL,gach-op-lat,gach-op-tuong,INAX,,,public,public,default,visible,index,true,in_stock,true
gach-op-lat,39497,INAX-255/DPL-102V,Gạch ốp tường DPL POINT COLOR INAX-255/DPL,gach-op-lat,gach-op-tuong,INAX,,,public,public,default,visible,index,true,in_stock,true
gach-op-lat,7851,INAX-325/FBM-1,Gạch ốp tường FISHBONE MOSAIC INAX-325/FBM,gach-op-lat,gach-op-tuong,INAX,,,public,public,default,visible,index,true,in_stock,true
gach-op-lat,39501,INAX-325/FBM-2,Gạch ốp tường FISHBONE MOSAIC INAX-325/FBM,gach-op-lat,gach-op-tuong,INAX,,,public,public,default,visible,index,true,in_stock,true
gach-op-lat,39500,INAX-325/FBM-3,Gạch ốp tường FISHBONE MOSAIC INAX-325/FBM,gach-op-lat,gach-op-tuong,INAX,,,public,public,default,visible,index,true,in_stock,true
gach-op-lat,7850,INAX-355/GLM-1,Gạch ốp tường GLAZED MOSAIC INAX-355/GLM,gach-op-lat,gach-op-tuong,INAX,,,public,public,default,visible,index,true,in_stock,true
gach-op-lat,39498,INAX-355/GLM-3,Gạch ốp tường GLAZED MOSAIC INAX-355/GLM,gach-op-lat,gach-op-tuong,INAX,,,public,public,default,visible,index,true,in_stock,true
gach-op-lat,39499,INAX-355/GLM-2,Gạch ốp tường GLAZED MOSAIC INAX-355/GLM,gach-op-lat,gach-op-tuong,INAX,,,public,public,default,visible,index,true,in_stock,true
gach-op-lat,39510,HAL-20BN/HB-5,Gạch ốp tường HOSOWARI BORDER INAX HAL-20BN/HB,gach-op-lat,gach-op-tuong,INAX,,,public,public,default,visible,index,true,in_stock,true
gach-op-lat,39512,HAL-20BN/HB-3,Gạch ốp tường HOSOWARI BORDER INAX HAL-20BN/HB,gach-op-lat,gach-op-tuong,INAX,,,public,public,default,visible,index,true,in_stock,true
gach-op-lat,39508,HAL-20BN/HB-7,Gạch ốp tường HOSOWARI BORDER INAX HAL-20BN/HB,gach-op-lat,gach-op-tuong,INAX,,,public,public,default,visible,index,true,in_stock,true
gach-op-lat,39509,HAL-20BN/HB-6,Gạch ốp tường HOSOWARI BORDER INAX HAL-20BN/HB,gach-op-lat,gach-op-tuong,INAX,,,public,public,default,visible,index,true,in_stock,true
gach-op-lat,39511,HAL-20BN/HB-4,Gạch ốp tường HOSOWARI BORDER INAX HAL-20BN/HB,gach-op-lat,gach-op-tuong,INAX,,,public,public,default,visible,index,true,in_stock,true
gach-op-lat,39513,HAL-20BN/HB-2,Gạch ốp tường HOSOWARI BORDER INAX HAL-20BN/HB,gach-op-lat,gach-op-tuong,INAX,,,public,public,default,visible,index,true,in_stock,true
gach-op-lat,7834,HAL-20BN/HB-1,Gạch ốp tường HOSOWARI BORDER INAX HAL-20BN/HB,gach-op-lat,gach-op-tuong,INAX,,,public,public,default,visible,index,true,in_stock,true
gach-op-lat,39507,HAL-20BR/HB-2,Gạch ốp tường HOSOWARI BORDER RANDOM INAX HAL-20BR/HB,gach-op-lat,gach-op-tuong,INAX,,,public,public,default,visible,index,true,in_stock,true
gach-op-lat,39503,HAL-20BR/HB-6,Gạch ốp tường HOSOWARI BORDER RANDOM INAX HAL-20BR/HB,gach-op-lat,gach-op-tuong,INAX,,,public,public,default,visible,index,true,in_stock,true
gach-op-lat,7835,HAL-20BR/HB-1,Gạch ốp tường HOSOWARI BORDER RANDOM INAX HAL-20BR/HB,gach-op-lat,gach-op-tuong,INAX,,,public,public,default,visible,index,true,in_stock,true
gach-op-lat,39502,HAL-20BR/HB-7,Gạch ốp tường HOSOWARI BORDER RANDOM INAX HAL-20BR/HB,gach-op-lat,gach-op-tuong,INAX,,,public,public,default,visible,index,true,in_stock,true
gach-op-lat,39504,HAL-20BR/HB-5,Gạch ốp tường HOSOWARI BORDER RANDOM INAX HAL-20BR/HB,gach-op-lat,gach-op-tuong,INAX,,,public,public,default,visible,index,true,in_stock,true
gach-op-lat,39505,HAL-20BR/HB-4,Gạch ốp tường HOSOWARI BORDER RANDOM INAX HAL-20BR/HB,gach-op-lat,gach-op-tuong,INAX,,,public,public,default,visible,index,true,in_stock,true
gach-op-lat,39506,HAL-20BR/HB-3,Gạch ốp tường HOSOWARI BORDER RANDOM INAX HAL-20BR/HB,gach-op-lat,gach-op-tuong,INAX,,,public,public,default,visible,index,true,in_stock,true
gach-op-lat,7862,INAX-20B/CRB-1,Gạch ốp tường I-Concept CERABORDER INAX-20B/CRB,gach-op-lat,gach-op-tuong,INAX,,,public,public,default,visible,index,true,in_stock,true
gach-op-lat,39520,INAX-20B/CRB-2,Gạch ốp tường I-Concept CERABORDER INAX-20B/CRB,gach-op-lat,gach-op-tuong,INAX,,,public,public,default,visible,index,true,in_stock,true
gach-op-lat,39519,INAX-20B/CRB-5,Gạch ốp tường I-Concept CERABORDER INAX-20B/CRB,gach-op-lat,gach-op-tuong,INAX,,,public,public,default,visible,index,true,in_stock,true
gach-op-lat,39516,INAX-20B/CRB-6,Gạch ốp tường I-Concept CERABORDER INAX-20B/CRB,gach-op-lat,gach-op-tuong,INAX,,,public,public,default,visible,index,true,in_stock,true
gach-op-lat,39517,INAX-20B/CRB-4,Gạch ốp tường I-Concept CERABORDER INAX-20B/CRB,gach-op-lat,gach-op-tuong,INAX,,,public,public,default,visible,index,true,in_stock,true
gach-op-lat,39518,INAX-20B/CRB-3,Gạch ốp tường I-Concept CERABORDER INAX-20B/CRB,gach-op-lat,gach-op-tuong,INAX,,,public,public,default,visible,index,true,in_stock,true
gach-op-lat,7843,INAX-40B/SLT-2,Gạch ốp tường I-Concept SLIT INAX-40B/SLT,gach-op-lat,gach-op-tuong,INAX,,,public,public,default,visible,index,true,in_stock,true
gach-op-lat,9960,INAX-40B/SLT-1,Gạch ốp tường I-Concept SLIT INAX-40B/SLT,gach-op-lat,gach-op-tuong,INAX,,,public,public,default,visible,index,true,in_stock,true
gach-op-lat,39514,INAX-40B/SLT-4,Gạch ốp tường I-Concept SLIT INAX-40B/SLT,gach-op-lat,gach-op-tuong,INAX,,,public,public,default,visible,index,true,in_stock,true
gach-op-lat,39515,INAX-40B/SLT-3,Gạch ốp tường I-Concept SLIT INAX-40B/SLT,gach-op-lat,gach-op-tuong,INAX,,,public,public,default,visible,index,true,in_stock,true
gach-op-lat,39526,INAX-20B/STB-2,Gạch ốp tường I-Concept STRIPE BORDER INAX-20B/STB,gach-op-lat,gach-op-tuong,INAX,,,public,public,default,visible,index,true,in_stock,true
gach-op-lat,39525,INAX-20B/STB-3,Gạch ốp tường I-Concept STRIPE BORDER INAX-20B/STB,gach-op-lat,gach-op-tuong,INAX,,,public,public,default,visible,index,true,in_stock,true
gach-op-lat,39524,INAX-20B/STB-4,Gạch ốp tường I-Concept STRIPE BORDER INAX-20B/STB,gach-op-lat,gach-op-tuong,INAX,,,public,public,default,visible,index,true,in_stock,true
gach-op-lat,7841,INAX-20B/STB-1,Gạch ốp tường I-Concept STRIPE BORDER INAX-20B/STB,gach-op-lat,gach-op-tuong,INAX,,,public,public,default,visible,index,true,in_stock,true
gach-op-lat,7842,INAX-3040B/TRP-1,Gạch ốp tường I-Concept TRAPE INAX-3040B/TRP,gach-op-lat,gach-op-tuong,INAX,,,public,public,default,visible,index,true,in_stock,true
gach-op-lat,39521,INAX-3040B/TRP-4,Gạch ốp tường I-Concept TRAPE INAX-3040B/TRP,gach-op-lat,gach-op-tuong,INAX,,,public,public,default,visible,index,true,in_stock,true
gach-op-lat,39522,INAX-3040B/TRP-3,Gạch ốp tường I-Concept TRAPE INAX-3040B/TRP,gach-op-lat,gach-op-tuong,INAX,,,public,public,default,visible,index,true,in_stock,true
gach-op-lat,39523,INAX-3040B/TRP-2,Gạch ốp tường I-Concept TRAPE INAX-3040B/TRP,gach-op-lat,gach-op-tuong,INAX,,,public,public,default,visible,index,true,in_stock,true
gach-op-lat,39532,INAX-255/WM-4,Gạch ốp tường I-Concept WAVY MOSAIC INAX-255/WM,gach-op-lat,gach-op-tuong,INAX,,,public,public,default,visible,index,true,in_stock,true
gach-op-lat,39533,INAX-255/WM-3,Gạch ốp tường I-Concept WAVY MOSAIC INAX-255/WM,gach-op-lat,gach-op-tuong,INAX,,,public,public,default,visible,index,true,in_stock,true
gach-op-lat,39534,INAX-255/WM-2,Gạch ốp tường I-Concept WAVY MOSAIC INAX-255/WM,gach-op-lat,gach-op-tuong,INAX,,,public,public,default,visible,index,true,in_stock,true
gach-op-lat,7840,INAX-255/WM-1,Gạch ốp tường I-Concept WAVY MOSAIC INAX-255/WM,gach-op-lat,gach-op-tuong,INAX,,,public,public,default,visible,index,true,in_stock,true
gach-op-lat,39529,INAX-2I/IMM-4,Gạch ốp tường Imperial Mosaic INAX-2I/IMM (INAX2IIMM),gach-op-lat,gach-op-tuong,INAX,,,public,public,default,visible,index,true,in_stock,true
gach-op-lat,39531,INAX-2I/IMM-2,Gạch ốp tường Imperial Mosaic INAX-2I/IMM (INAX2IIMM),gach-op-lat,gach-op-tuong,INAX,,,public,public,default,visible,index,true,in_stock,true
gach-op-lat,39527,INAX-2I/IMM-6,Gạch ốp tường Imperial Mosaic INAX-2I/IMM (INAX2IIMM),gach-op-lat,gach-op-tuong,INAX,,,public,public,default,visible,index,true,in_stock,true
gach-op-lat,39530,INAX-2I/IMM-3,Gạch ốp tường Imperial Mosaic INAX-2I/IMM (INAX2IIMM),gach-op-lat,gach-op-tuong,INAX,,,public,public,default,visible,index,true,in_stock,true
gach-op-lat,39528,INAX-2I/IMM-5,Gạch ốp tường Imperial Mosaic INAX-2I/IMM (INAX2IIMM),gach-op-lat,gach-op-tuong,INAX,,,public,public,default,visible,index,true,in_stock,true
gach-op-lat,7867,INAX-2I/IMM-1,Gạch ốp tường Imperial Mosaic INAX-2I/IMM (INAX2IIMM),gach-op-lat,gach-op-tuong,INAX,,,public,public,default,visible,index,true,in_stock,true
gach-op-lat,9961,INAX-40B/KH-2,Gạch ốp tường KAIHA INAX-40B/KH,gach-op-lat,gach-op-tuong,INAX,,,public,public,default,visible,index,true,in_stock,true
gach-op-lat,39538,INAX-40B/KH-5,Gạch ốp tường KAIHA INAX-40B/KH,gach-op-lat,gach-op-tuong,INAX,,,public,public,default,visible,index,true,in_stock,true
gach-op-lat,7844,INAX-40B/KH-4,Gạch ốp tường KAIHA INAX-40B/KH,gach-op-lat,gach-op-tuong,INAX,,,public,public,default,visible,index,true,in_stock,true
gach-op-lat,39536,INAX-300/LTC-13,Gạch ốp tường LATTICE INAX-300/LTC,gach-op-lat,gach-op-tuong,INAX,,,public,public,default,visible,index,true,in_stock,true
gach-op-lat,39537,INAX-300/LTC-12,Gạch ốp tường LATTICE INAX-300/LTC,gach-op-lat,gach-op-tuong,INAX,,,public,public,default,visible,index,true,in_stock,true
gach-op-lat,39535,INAX-300/LTC-14,Gạch ốp tường LATTICE INAX-300/LTC,gach-op-lat,gach-op-tuong,INAX,,,public,public,default,visible,index,true,in_stock,true
gach-op-lat,7852,INAX-300/LTC-11,Gạch ốp tường LATTICE INAX-300/LTC,gach-op-lat,gach-op-tuong,INAX,,,public,public,default,visible,index,true,in_stock,true
gach-op-lat,7831,HAL-R/MAL-1,Gạch ốp tường MELVIO ALDEA INAX HAL-R/MAL,gach-op-lat,gach-op-tuong,INAX,,,public,public,default,visible,index,true,in_stock,true
gach-op-lat,39539,HAL-R/MAL-3,Gạch ốp tường MELVIO ALDEA INAX HAL-R/MAL,gach-op-lat,gach-op-tuong,INAX,,,public,public,default,visible,index,true,in_stock,true
gach-op-lat,39540,HAL-R/MAL-2,Gạch ốp tường MELVIO ALDEA INAX HAL-R/MAL,gach-op-lat,gach-op-tuong,INAX,,,public,public,default,visible,index,true,in_stock,true
gach-op-lat,39550,INAX-255/PPC-23,Gạch ốp tường PASTEL PLAIN COLOR INAX-255/PPC,gach-op-lat,gach-op-tuong,INAX,,,public,public,default,visible,index,true,in_stock,true
gach-op-lat,39545,INAX-255/PPC-133,Gạch ốp tường PASTEL PLAIN COLOR INAX-255/PPC,gach-op-lat,gach-op-tuong,INAX,,,public,public,default,visible,index,true,in_stock,true
gach-op-lat,39542,INAX-255/PPC-209,Gạch ốp tường PASTEL PLAIN COLOR INAX-255/PPC,gach-op-lat,gach-op-tuong,INAX,,,public,public,default,visible,index,true,in_stock,true
gach-op-lat,39543,INAX-255/PPC-207,Gạch ốp tường PASTEL PLAIN COLOR INAX-255/PPC,gach-op-lat,gach-op-tuong,INAX,,,public,public,default,visible,index,true,in_stock,true
gach-op-lat,39544,INAX-255/PPC-204,Gạch ốp tường PASTEL PLAIN COLOR INAX-255/PPC,gach-op-lat,gach-op-tuong,INAX,,,public,public,default,visible,index,true,in_stock,true
gach-op-lat,39546,INAX-255/PPC-123,Gạch ốp tường PASTEL PLAIN COLOR INAX-255/PPC,gach-op-lat,gach-op-tuong,INAX,,,public,public,default,visible,index,true,in_stock,true
gach-op-lat,39547,INAX-255/PPC-93,Gạch ốp tường PASTEL PLAIN COLOR INAX-255/PPC,gach-op-lat,gach-op-tuong,INAX,,,public,public,default,visible,index,true,in_stock,true
gach-op-lat,39548,INAX-255/PPC-63,Gạch ốp tường PASTEL PLAIN COLOR INAX-255/PPC,gach-op-lat,gach-op-tuong,INAX,,,public,public,default,visible,index,true,in_stock,true
gach-op-lat,39549,INAX-255/PPC-33,Gạch ốp tường PASTEL PLAIN COLOR INAX-255/PPC,gach-op-lat,gach-op-tuong,INAX,,,public,public,default,visible,index,true,in_stock,true
gach-op-lat,39551,INAX-255/PPC-21,Gạch ốp tường PASTEL PLAIN COLOR INAX-255/PPC,gach-op-lat,gach-op-tuong,INAX,,,public,public,default,visible,index,true,in_stock,true
gach-op-lat,39552,INAX-255/PPC-11,Gạch ốp tường PASTEL PLAIN COLOR INAX-255/PPC,gach-op-lat,gach-op-tuong,INAX,,,public,public,default,visible,index,true,in_stock,true
gach-op-lat,7860,INAX-255/PPC-103,Gạch ốp tường PASTEL PLAIN COLOR INAX-255/PPC,gach-op-lat,gach-op-tuong,INAX,,,public,public,default,visible,index,true,in_stock,true
gach-op-lat,9963,INAX-40B/RB-1,Gạch ốp tường R-BORDER INAX-40B/RB,gach-op-lat,gach-op-tuong,INAX,,,public,public,default,visible,index,true,in_stock,true
gach-op-lat,39541,INAX-40B/RB-2,Gạch ốp tường R-BORDER INAX-40B/RB,gach-op-lat,gach-op-tuong,INAX,,,public,public,default,visible,index,true,in_stock,true
gach-op-lat,7846,INAX-40B/RB-3,Gạch ốp tường R-BORDER INAX-40B/RB,gach-op-lat,gach-op-tuong,INAX,,,public,public,default,visible,index,true,in_stock,true
gach-op-lat,39554,INAX-30B/SB-2,Gạch ốp tường SB-STONE BORDER INAX-30B/SB,gach-op-lat,gach-op-tuong,INAX,,,public,public,default,visible,index,true,in_stock,true
gach-op-lat,7848,INAX-30B/SB-1,Gạch ốp tường SB-STONE BORDER INAX-30B/SB,gach-op-lat,gach-op-tuong,INAX,,,public,public,default,visible,index,true,in_stock,true
gach-op-lat,39553,INAX-30B/SB-3,Gạch ốp tường SB-STONE BORDER INAX-30B/SB,gach-op-lat,gach-op-tuong,INAX,,,public,public,default,visible,index,true,in_stock,true
gach-op-lat,39559,INAX-255/SLC-8,Gạch ốp tường SLC-SHIJYU LUSTER COLOR INAX-255/SLC,gach-op-lat,gach-op-tuong,INAX,,,public,public,default,visible,index,true,in_stock,true
gach-op-lat,39560,INAX-255/SLC-6,Gạch ốp tường SLC-SHIJYU LUSTER COLOR INAX-255/SLC,gach-op-lat,gach-op-tuong,INAX,,,public,public,default,visible,index,true,in_stock,true
gach-op-lat,39564,INAX-255/SLC-2,Gạch ốp tường SLC-SHIJYU LUSTER COLOR INAX-255/SLC,gach-op-lat,gach-op-tuong,INAX,,,public,public,default,visible,index,true,in_stock,true
gach-op-lat,39563,INAX-255/SLC-3,Gạch ốp tường SLC-SHIJYU LUSTER COLOR INAX-255/SLC,gach-op-lat,gach-op-tuong,INAX,,,public,public,default,visible,index,true,in_stock,true
gach-op-lat,39561,INAX-255/SLC-5,Gạch ốp tường SLC-SHIJYU LUSTER COLOR INAX-255/SLC,gach-op-lat,gach-op-tuong,INAX,,,public,public,default,visible,index,true,in_stock,true
gach-op-lat,39562,INAX-255/SLC-4,Gạch ốp tường SLC-SHIJYU LUSTER COLOR INAX-255/SLC,gach-op-lat,gach-op-tuong,INAX,,,public,public,default,visible,index,true,in_stock,true
gach-op-lat,39558,INAX-255/SLC-9,Gạch ốp tường SLC-SHIJYU LUSTER COLOR INAX-255/SLC,gach-op-lat,gach-op-tuong,INAX,,,public,public,default,visible,index,true,in_stock,true
gach-op-lat,7857,INAX-255/SLC-1,Gạch ốp tường SLC-SHIJYU LUSTER COLOR INAX-255/SLC,gach-op-lat,gach-op-tuong,INAX,,,public,public,default,visible,index,true,in_stock,true
gach-op-lat,39556,INAX-30B/TKB-3,Gạch ốp tường TAKEBORDER INAX-30B/TKB,gach-op-lat,gach-op-tuong,INAX,,,public,public,default,visible,index,true,in_stock,true
gach-op-lat,39557,INAX-30B/TKB-2,Gạch ốp tường TAKEBORDER INAX-30B/TKB,gach-op-lat,gach-op-tuong,INAX,,,public,public,default,visible,index,true,in_stock,true
gach-op-lat,39555,INAX-30B/TKB-4,Gạch ốp tường TAKEBORDER INAX-30B/TKB,gach-op-lat,gach-op-tuong,INAX,,,public,public,default,visible,index,true,in_stock,true
gach-op-lat,7847,INAX-30B/TKB-1,Gạch ốp tường TAKEBORDER INAX-30B/TKB,gach-op-lat,gach-op-tuong,INAX,,,public,public,default,visible,index,true,in_stock,true
gach-op-lat,39578,INAX-255/TND-8,Gạch ốp tường TANADA INAX-255/TND,gach-op-lat,gach-op-tuong,INAX,,,public,public,default,visible,index,true,in_stock,true
gach-op-lat,39579,INAX-255/TND-7,Gạch ốp tường TANADA INAX-255/TND,gach-op-lat,gach-op-tuong,INAX,,,public,public,default,visible,index,true,in_stock,true
gach-op-lat,39584,INAX-255/TND-2,Gạch ốp tường TANADA INAX-255/TND,gach-op-lat,gach-op-tuong,INAX,,,public,public,default,visible,index,true,in_stock,true
gach-op-lat,39582,INAX-255/TND-4,Gạch ốp tường TANADA INAX-255/TND,gach-op-lat,gach-op-tuong,INAX,,,public,public,default,visible,index,true,in_stock,true
gach-op-lat,39581,INAX-255/TND-5,Gạch ốp tường TANADA INAX-255/TND,gach-op-lat,gach-op-tuong,INAX,,,public,public,default,visible,index,true,in_stock,true
gach-op-lat,39580,INAX-255/TND-6,Gạch ốp tường TANADA INAX-255/TND,gach-op-lat,gach-op-tuong,INAX,,,public,public,default,visible,index,true,in_stock,true
gach-op-lat,39583,INAX-255/TND-3,Gạch ốp tường TANADA INAX-255/TND,gach-op-lat,gach-op-tuong,INAX,,,public,public,default,visible,index,true,in_stock,true
gach-op-lat,7839,INAX-255/TND-1,Gạch ốp tường TANADA INAX-255/TND,gach-op-lat,gach-op-tuong,INAX,,,public,public,default,visible,index,true,in_stock,true
gach-op-lat,39577,INAX-2312/VIZ-1-DV,Gạch ốp tường VIZ ZEN sử dụng vữa INAX hoặc keo dán INAX-2312VIZ (INAX2312VIZ),gach-op-lat,gach-op-tuong,INAX,,,public,public,default,visible,index,true,in_stock,true
gach-op-lat,39576,INAX-2312/VIZ-2-DK,Gạch ốp tường VIZ ZEN sử dụng vữa INAX hoặc keo dán INAX-2312VIZ (INAX2312VIZ),gach-op-lat,gach-op-tuong,INAX,,,public,public,default,visible,index,true,in_stock,true
gach-op-lat,39574,INAX-2312/VIZ-3-DK,Gạch ốp tường VIZ ZEN sử dụng vữa INAX hoặc keo dán INAX-2312VIZ (INAX2312VIZ),gach-op-lat,gach-op-tuong,INAX,,,public,public,default,visible,index,true,in_stock,true
gach-op-lat,39573,INAX-2312/VIZ-3-DV,Gạch ốp tường VIZ ZEN sử dụng vữa INAX hoặc keo dán INAX-2312VIZ (INAX2312VIZ),gach-op-lat,gach-op-tuong,INAX,,,public,public,default,visible,index,true,in_stock,true
gach-op-lat,39572,INAX-2312/VIZ-4-DK,Gạch ốp tường VIZ ZEN sử dụng vữa INAX hoặc keo dán INAX-2312VIZ (INAX2312VIZ),gach-op-lat,gach-op-tuong,INAX,,,public,public,default,visible,index,true,in_stock,true
gach-op-lat,39571,INAX-2312/VIZ-4-DV,Gạch ốp tường VIZ ZEN sử dụng vữa INAX hoặc keo dán INAX-2312VIZ (INAX2312VIZ),gach-op-lat,gach-op-tuong,INAX,,,public,public,default,visible,index,true,in_stock,true
gach-op-lat,39575,INAX-2312/VIZ-2-DV,Gạch ốp tường VIZ ZEN sử dụng vữa INAX hoặc keo dán INAX-2312VIZ (INAX2312VIZ),gach-op-lat,gach-op-tuong,INAX,,,public,public,default,visible,index,true,in_stock,true
gach-op-lat,39570,INAX-2312/VIZ-6-DK,Gạch ốp tường VIZ ZEN sử dụng vữa INAX hoặc keo dán INAX-2312VIZ (INAX2312VIZ),gach-op-lat,gach-op-tuong,INAX,,,public,public,default,visible,index,true,in_stock,true
gach-op-lat,7853,INAX-2312/VIZ-1-DK,Gạch ốp tường VIZ ZEN sử dụng vữa INAX hoặc keo dán INAX-2312VIZ (INAX2312VIZ),gach-op-lat,gach-op-tuong,INAX,,,public,public,default,visible,index,true,in_stock,true
gach-op-lat,39569,INAX-2312/VIZ-6-DV,Gạch ốp tường VIZ ZEN sử dụng vữa INAX hoặc keo dán INAX-2312VIZ (INAX2312VIZ),gach-op-lat,gach-op-tuong,INAX,,,public,public,default,visible,index,true,in_stock,true
gach-op-lat,39568,INAX-2312/VIZ-8-DK,Gạch ốp tường VIZ ZEN sử dụng vữa INAX hoặc keo dán INAX-2312VIZ (INAX2312VIZ),gach-op-lat,gach-op-tuong,INAX,,,public,public,default,visible,index,true,in_stock,true
gach-op-lat,39567,INAX-2312/VIZ-8-DV,Gạch ốp tường VIZ ZEN sử dụng vữa INAX hoặc keo dán INAX-2312VIZ (INAX2312VIZ),gach-op-lat,gach-op-tuong,INAX,,,public,public,default,visible,index,true,in_stock,true
gach-op-lat,39566,INAX-2312/VIZ-10-DK,Gạch ốp tường VIZ ZEN sử dụng vữa INAX hoặc keo dán INAX-2312VIZ (INAX2312VIZ),gach-op-lat,gach-op-tuong,INAX,,,public,public,default,visible,index,true,in_stock,true
gach-op-lat,39565,INAX-2312/VIZ-10-DV,Gạch ốp tường VIZ ZEN sử dụng vữa INAX hoặc keo dán INAX-2312VIZ (INAX2312VIZ),gach-op-lat,gach-op-tuong,INAX,,,public,public,default,visible,index,true,in_stock,true
gach-op-lat,39587,DCF-20BNET/WAB-3,Gạch ốp tường WAVE BORDER INAX DCF-20BNET/WAB,gach-op-lat,gach-op-tuong,INAX,,,public,public,default,visible,index,true,in_stock,true
gach-op-lat,39586,DCF-20BNET/WAB-4,Gạch ốp tường WAVE BORDER INAX DCF-20BNET/WAB,gach-op-lat,gach-op-tuong,INAX,,,public,public,default,visible,index,true,in_stock,true
gach-op-lat,39588,DCF-20BNET/WAB-2,Gạch ốp tường WAVE BORDER INAX DCF-20BNET/WAB,gach-op-lat,gach-op-tuong,INAX,,,public,public,default,visible,index,true,in_stock,true
gach-op-lat,7830,DCF-20BNET/WAB-1,Gạch ốp tường WAVE BORDER INAX DCF-20BNET/WAB,gach-op-lat,gach-op-tuong,INAX,,,public,public,default,visible,index,true,in_stock,true
gach-op-lat,7836,IM-50P1/WV-1,Gạch ốp tường WV-WAVES INAX-50P1/WV,gach-op-lat,gach-op-tuong,INAX,,,public,public,default,visible,index,true,in_stock,true
gach-op-lat,39585,IM-50P1/WV-2,Gạch ốp tường WV-WAVES INAX-50P1/WV,gach-op-lat,gach-op-tuong,INAX,,,public,public,default,visible,index,true,in_stock,true
gach-op-lat,5459,GACH-612BAGR,Gạch 612BAGR,gach-op-lat,gach-thiet-ke-xi-mang,BALTIMORE,,,public,public,default,visible,index,true,in_stock,true
gach-op-lat,5458,GACH-90BAGR,Gạch 90BAGR,gach-op-lat,gach-thiet-ke-xi-mang,BALTIMORE,,,public,public,default,visible,index,true,in_stock,true
gach-op-lat,5437,GACH-120278BOSM,Gạch 120278BOSM,gach-op-lat,gach-thiet-ke-xi-mang,BOOST,,,public,public,default,visible,index,true,in_stock,true
gach-op-lat,5436,GACH-120278BOTA,Gạch 120278BOTA,gach-op-lat,gach-thiet-ke-xi-mang,BOOST,,,public,public,default,visible,index,true,in_stock,true
gach-op-lat,5435,GACH-120BOSM,Gạch 120BOSM,gach-op-lat,gach-thiet-ke-xi-mang,BOOST,,,public,public,default,visible,index,true,in_stock,true
gach-op-lat,5439,GACH-120278BBIV,Gạch 120278BBIV,gach-op-lat,gach-thiet-ke-xi-mang,BOOST BALANCE,,,public,public,default,visible,index,true,in_stock,true
gach-op-lat,5438,GACH-120278BBSM,Gạch 120278BBSM,gach-op-lat,gach-thiet-ke-xi-mang,BOOST BALANCE,,,public,public,default,visible,index,true,in_stock,true
gach-op-lat,5440,GACH-120BBIV,Gạch 120BBIV,gach-op-lat,gach-thiet-ke-xi-mang,BOOST BALANCE,,,public,public,default,visible,index,true,in_stock,true
gach-op-lat,5444,GACH-120BBIVVEL,Gạch 120BBIVVEL,gach-op-lat,gach-thiet-ke-xi-mang,BOOST BALANCE,,,public,public,default,visible,index,true,in_stock,true
gach-op-lat,5441,GACH-120BBPE,Gạch 120BBPE,gach-op-lat,gach-thiet-ke-xi-mang,BOOST BALANCE,,,public,public,default,visible,index,true,in_stock,true
gach-op-lat,5446,GACH-120BBPEVE,Gạch 120BBPEVE,gach-op-lat,gach-thiet-ke-xi-mang,BOOST BALANCE,,,public,public,default,visible,index,true,in_stock,true
gach-op-lat,5445,GACH-120BBPUVE,Gạch 120BBPUVE,gach-op-lat,gach-thiet-ke-xi-mang,BOOST BALANCE,,,public,public,default,visible,index,true,in_stock,true
gach-op-lat,5443,GACH-120BBSM,Gạch 120BBSM,gach-op-lat,gach-thiet-ke-xi-mang,BOOST BALANCE,,,public,public,default,visible,index,true,in_stock,true
gach-op-lat,5442,GACH-612BBSM,Gạch 612BBSM,gach-op-lat,gach-thiet-ke-xi-mang,BOOST BALANCE,,,public,public,default,visible,index,true,in_stock,true
gach-op-lat,5460,GACH-612BMSMMT,Gạch 612BMSMMT,gach-op-lat,gach-thiet-ke-xi-mang,BOOST MINERAL,,,public,public,default,visible,index,true,in_stock,true
gach-op-lat,5447,GACH-120278BNKA,Gạch 120278BNKA,gach-op-lat,gach-thiet-ke-xi-mang,BOOST NATURAL,,,public,public,default,visible,index,true,in_stock,true
gach-op-lat,5448,GACH-120BNKA,Gạch 120BNKA,gach-op-lat,gach-thiet-ke-xi-mang,BOOST NATURAL,,,public,public,default,visible,index,true,in_stock,true
gach-op-lat,5456,GACH-36BNCO,Gạch 36BNCO,gach-op-lat,gach-thiet-ke-xi-mang,BOOST NATURAL,,,public,public,default,visible,index,true,in_stock,true
gach-op-lat,5455,GACH-36BNKA,Gạch 36BNKA,gach-op-lat,gach-thiet-ke-xi-mang,BOOST NATURAL,,,public,public,default,visible,index,true,in_stock,true
gach-op-lat,5457,GACH-36BNUM,Gạch 36BNUM,gach-op-lat,gach-thiet-ke-xi-mang,BOOST NATURAL,,,public,public,default,visible,index,true,in_stock,true
gach-op-lat,5453,GACH-60BNCO,Gạch 60BNCO,gach-op-lat,gach-thiet-ke-xi-mang,BOOST NATURAL,,,public,public,default,visible,index,true,in_stock,true
gach-op-lat,5452,GACH-60BNKA,Gạch 60BNKA,gach-op-lat,gach-thiet-ke-xi-mang,BOOST NATURAL,,,public,public,default,visible,index,true,in_stock,true
gach-op-lat,5454,GACH-60BNUM,Gạch 60BNUM,gach-op-lat,gach-thiet-ke-xi-mang,BOOST NATURAL,,,public,public,default,visible,index,true,in_stock,true
gach-op-lat,5450,GACH-612BNCO,Gạch 612BNCO,gach-op-lat,gach-thiet-ke-xi-mang,BOOST NATURAL,,,public,public,default,visible,index,true,in_stock,true
gach-op-lat,5449,GACH-612BNKA,Gạch 612BNKA,gach-op-lat,gach-thiet-ke-xi-mang,BOOST NATURAL,,,public,public,default,visible,index,true,in_stock,true
gach-op-lat,5451,GACH-612BNUM,Gạch 612BNUM,gach-op-lat,gach-thiet-ke-xi-mang,BOOST NATURAL,,,public,public,default,visible,index,true,in_stock,true
gach-op-lat,5485,GACH-612ROMA612,Gạch 612ROMA612,gach-op-lat,gach-trang-tri,CREA LA,,,public,public,default,visible,index,true,in_stock,true
gach-op-lat,5486,GACH-612TROP612,Gạch 612TROP612,gach-op-lat,gach-trang-tri,CREA LA,,,public,public,default,visible,index,true,in_stock,true
gach-op-lat,5487,GACH-612XILEMA612,Gạch 612XILEMA612,gach-op-lat,gach-trang-tri,CREA LA,,,public,public,default,visible,index,true,in_stock,true
gach-op-lat,5491,GACH-30AGTA332727R_N,Gạch 30AGTA332727R_N,gach-op-lat,gach-trang-tri,DGAUDY,,,public,public,default,visible,index,true,in_stock,true
gach-op-lat,5488,GACH-20FUAU,Gạch 20FUAU,gach-op-lat,gach-trang-tri,FUN,,,public,public,default,visible,index,true,in_stock,true
gach-op-lat,5490,GACH-20FUAU_16V,Gạch 20FUAU_16V,gach-op-lat,gach-trang-tri,FUN,,,public,public,default,visible,index,true,in_stock,true
gach-op-lat,5489,GACH-20FUAU_18V,Gạch 20FUAU_18V,gach-op-lat,gach-trang-tri,FUN,,,public,public,default,visible,index,true,in_stock,true
gach-op-lat,5492,GACH-33FUMI,Gạch 33FUMI,gach-op-lat,gach-trang-tri,FUSION,,,public,public,default,visible,index,true,in_stock,true
gach-op-lat,5494,GACH-612JA02,Gạch 612JA02,gach-op-lat,gach-trang-tri,JARDIN,,,public,public,default,visible,index,true,in_stock,true
gach-op-lat,5493,GACH-612JA07,Gạch 612JA07,gach-op-lat,gach-trang-tri,JARDIN,,,public,public,default,visible,index,true,in_stock,true
gach-op-lat,5484,GACH-36GP0799,Gạch 36GP0799_N,gach-op-lat,gach-trang-tri,KECH,,,private,private,hidden,hidden,noindex,false,in_stock,true
gach-op-lat,5483,GACH-36GP0800,Gạch 36GP0800_N,gach-op-lat,gach-trang-tri,KECH,,,private,private,hidden,hidden,noindex,false,in_stock,true
gach-op-lat,5482,GACH-36GP0803,Gạch 36GP0803_N,gach-op-lat,gach-trang-tri,KECH,,,private,private,hidden,hidden,noindex,false,in_stock,true
gach-op-lat,5481,GACH-36GP0804,Gạch 36GP0804_N,gach-op-lat,gach-trang-tri,KECH,,,private,private,hidden,hidden,noindex,false,in_stock,true
gach-op-lat,5480,GACH-36GP0806,Gạch 36GP0806_N,gach-op-lat,gach-trang-tri,KECH,,,private,private,hidden,hidden,noindex,false,in_stock,true
gach-op-lat,5479,GACH-36GP0807,Gạch 36GP0807_N,gach-op-lat,gach-trang-tri,KECH,,,private,private,hidden,hidden,noindex,false,in_stock,true
gach-op-lat,5478,GACH-36GP0808,Gạch 36GP0808_N,gach-op-lat,gach-trang-tri,KECH,,,private,private,hidden,hidden,noindex,false,in_stock,true
gach-op-lat,5477,GACH-36GP0811,Gạch 36GP0811_N,gach-op-lat,gach-trang-tri,KECH,,,private,private,hidden,hidden,noindex,false,in_stock,true
gach-op-lat,5476,GACH-36GP0812,Gạch 36GP0812_N,gach-op-lat,gach-trang-tri,KECH,,,private,private,hidden,hidden,noindex,false,in_stock,true
gach-op-lat,5475,GACH-36GP0814,Gạch 36GP0814_N,gach-op-lat,gach-trang-tri,KECH,,,private,private,hidden,hidden,noindex,false,in_stock,true
gach-op-lat,5471,GACH-36GP0876,Gạch 36GP0876,gach-op-lat,gach-trang-tri,KECH,,,public,public,default,visible,index,true,in_stock,true
gach-op-lat,5474,GACH-36GP0877,Gạch 36GP0877,gach-op-lat,gach-trang-tri,KECH,,,public,public,default,visible,index,true,in_stock,true
gach-op-lat,5473,GACH-36GP0879,Gạch 36GP0879,gach-op-lat,gach-trang-tri,KECH,,,public,public,default,visible,index,true,in_stock,true
gach-op-lat,5472,GACH-36GP0880,Gạch 36GP0880,gach-op-lat,gach-trang-tri,KECH,,,public,public,default,visible,index,true,in_stock,true
gach-op-lat,5467,GACH-36GP0882,Gạch 36GP0882,gach-op-lat,gach-trang-tri,KECH,,,public,public,default,visible,index,true,in_stock,true
gach-op-lat,5470,GACH-36GP0883,Gạch 36GP0883,gach-op-lat,gach-trang-tri,KECH,,,public,public,default,visible,index,true,in_stock,true
gach-op-lat,5469,GACH-36GP0885,Gạch 36GP0885,gach-op-lat,gach-trang-tri,KECH,,,public,public,default,visible,index,true,in_stock,true
gach-op-lat,5468,GACH-36GP0886,Gạch 36GP0886,gach-op-lat,gach-trang-tri,KECH,,,public,public,default,visible,index,true,in_stock,true
gach-op-lat,5461,GACH-120278LOICLI,Gạch 120278LOICLI,gach-op-lat,gach-trang-tri,LOG,,,public,public,default,visible,index,true,in_stock,true
gach-op-lat,5466,GACH-120278PAENGO,Gạch 120278PAENGO,gach-op-lat,gach-trang-tri,PAPIER,,,public,public,default,visible,index,true,in_stock,true
gach-op-lat,5462,GACH-612PABL,Gạch 612PABL,gach-op-lat,gach-trang-tri,PAPIER,,,public,public,default,visible,index,true,in_stock,true
gach-op-lat,5464,GACH-612PAMABL,Gạch 612PAMABL,gach-op-lat,gach-trang-tri,PAPIER,,,public,public,default,visible,index,true,in_stock,true
gach-op-lat,5463,GACH-612PAMAPU,Gạch 612PAMAPU,gach-op-lat,gach-trang-tri,PAPIER,,,public,public,default,visible,index,true,in_stock,true
gach-op-lat,5465,GACH-612PAPA_3V,Gạch 612PAPA_3V,gach-op-lat,gach-trang-tri,PAPIER,,,public,public,default,visible,index,true,in_stock,true
gach-op-lat,5396,GACH-120ASMAPUL,Gạch 120ASMAPUL,gach-op-lat,gach-van-da-marble,ASCOLANO,,,public,public,default,visible,index,true,in_stock,true
gach-op-lat,5394,GACH-120ASPEPUL,Gạch 120ASPEPUL,gach-op-lat,gach-van-da-marble,ASCOLANO,,,public,public,default,visible,index,true,in_stock,true
gach-op-lat,5395,GACH-90ASPEPUL,Gạch 90ASPEPUL,gach-op-lat,gach-van-da-marble,ASCOLANO,,,public,public,default,visible,index,true,in_stock,true
gach-op-lat,5393,GACH-918INIVKRY,Gạch 918INIVKRY,gach-op-lat,gach-van-da-marble,INVICTUS,,,public,public,default,visible,index,true,in_stock,true
gach-op-lat,5385,GACH-120278MACABLLP,Gạch 120278MACABLLP,gach-op-lat,gach-van-da-marble,MARVEL GALA,,,public,public,default,visible,index,true,in_stock,true
gach-op-lat,5383,GACH-120278MADSOLP,Gạch 120278MADSOLP,gach-op-lat,gach-van-da-marble,MARVEL GALA,,,public,public,default,visible,index,true,in_stock,true
gach-op-lat,5386,GACH-612MACABLLP,Gạch 612MACABLLP,gach-op-lat,gach-van-da-marble,MARVEL GALA,,,public,public,default,visible,index,true,in_stock,true
gach-op-lat,5384,GACH-612MADSOLP,Gạch 612MADSOLP,gach-op-lat,gach-van-da-marble,MARVEL GALA,,,public,public,default,visible,index,true,in_stock,true
gach-op-lat,5388,GACH-612MXCAAPHA,Gạch 612MXCAAPHA,gach-op-lat,gach-van-da-marble,MARVEL X,,,public,public,default,visible,index,true,in_stock,true
gach-op-lat,5389,GACH-75150MXFIBOLP,Gạch 75150MXFIBOLP,gach-op-lat,gach-van-da-marble,MARVEL X,,,public,public,default,visible,index,true,in_stock,true
gach-op-lat,5387,GACH-75150MXFIBOSK,Gạch 75150MXFIBOSK,gach-op-lat,gach-van-da-marble,MARVEL X,,,public,public,default,visible,index,true,in_stock,true
gach-op-lat,5392,GACH-90ONBE,Gạch 90ONBE,gach-op-lat,gach-van-da-marble,ONIX,,,public,public,default,visible,index,true,in_stock,true
gach-op-lat,5390,GACH-90ONBENP,Gạch 90ONBENP,gach-op-lat,gach-van-da-marble,ONIX,,,public,public,default,visible,index,true,in_stock,true
gach-op-lat,5391,GACH-90ONBLNP,Gạch 90ONBLNP,gach-op-lat,gach-van-da-marble,ONIX,,,public,public,default,visible,index,true,in_stock,true
gach-op-lat,5377,GACH-120278ON02,Gạch 120278ON02,gach-op-lat,gach-van-da-marble,ONYCE,,,public,public,default,visible,index,true,in_stock,true
gach-op-lat,5376,GACH-120278ON04,Gạch 120278ON04,gach-op-lat,gach-van-da-marble,ONYCE,,,public,public,default,visible,index,true,in_stock,true
gach-op-lat,5378,GACH-120278ON05,Gạch 120278ON05,gach-op-lat,gach-van-da-marble,ONYCE,,,public,public,default,visible,index,true,in_stock,true
gach-op-lat,5375,GACH-120278ON05A,Gạch 120278ON05A,gach-op-lat,gach-van-da-marble,ONYCE,,,public,public,default,visible,index,true,in_stock,true
gach-op-lat,5374,GACH-120278ON05B,Gạch 120278ON05B,gach-op-lat,gach-van-da-marble,ONYCE,,,public,public,default,visible,index,true,in_stock,true
gach-op-lat,5381,GACH-120278EN7Y,Gạch 120278EN7Y,gach-op-lat,gach-van-da-marble,TELE DI MARMO LUMIA,,,public,public,default,visible,index,true,in_stock,true
gach-op-lat,5382,GACH-120278EN7Z,Gạch 120278EN7Z,gach-op-lat,gach-van-da-marble,TELE DI MARMO LUMIA,,,public,public,default,visible,index,true,in_stock,true
gach-op-lat,5380,GACH-612EN88,Gạch 612EN88,gach-op-lat,gach-van-da-marble,TELE DI MARMO LUMIA,,,public,public,default,visible,index,true,in_stock,true
gach-op-lat,5379,GACH-612EN8A,Gạch 612EN8A,gach-op-lat,gach-van-da-marble,TELE DI MARMO LUMIA,,,public,public,default,visible,index,true,in_stock,true
gach-op-lat,5398,GACH-120278EKPF,Gạch 120278EKPF,gach-op-lat,gach-van-da-marble,TELE DI MARMO ONYX,,,public,public,default,visible,index,true,in_stock,true
gach-op-lat,5397,GACH-120ELDM,Gạch 120ELDM,gach-op-lat,gach-van-da-marble,TELE DI MARMO ONYX,,,public,public,default,visible,index,true,in_stock,true
gach-op-lat,5399,GACH-612EKTM,Gạch 612EKTM,gach-op-lat,gach-van-da-marble,TELE DI MARMO ONYX,,,public,public,default,visible,index,true,in_stock,true
gach-op-lat,5416,GACH-65PRL60N,Gạch 65PRL60N,gach-op-lat,gach-van-da-tu-nhien,65PRL,,,public,public,default,visible,index,true,in_stock,true
gach-op-lat,5417,GACH-65PRL60W,Gạch 65PRL60W,gach-op-lat,gach-van-da-tu-nhien,65PRL,,,public,public,default,visible,index,true,in_stock,true
gach-op-lat,5420,GACH-612INBENA,Gạch 612INBENA,gach-op-lat,gach-van-da-tu-nhien,INTENSE,,,public,public,default,visible,index,true,in_stock,true
gach-op-lat,5419,GACH-612INPENA,Gạch 612INPENA,gach-op-lat,gach-van-da-tu-nhien,INTENSE,,,public,public,default,visible,index,true,in_stock,true
gach-op-lat,5418,GACH-90INCRLP,Gạch 90INCRLP,gach-op-lat,gach-van-da-tu-nhien,INTENSE,,,public,public,default,visible,index,true,in_stock,true
gach-op-lat,5402,GACH-60MT02,Gạch 60MT02,gach-op-lat,gach-van-da-tu-nhien,MOTLEY,,,public,public,default,visible,index,true,in_stock,true
gach-op-lat,5401,GACH-60MT04,Gạch 60MT04,gach-op-lat,gach-van-da-tu-nhien,MOTLEY,,,public,public,default,visible,index,true,in_stock,true
gach-op-lat,5400,GACH-60MT06,Gạch 60MT06,gach-op-lat,gach-van-da-tu-nhien,MOTLEY,,,public,public,default,visible,index,true,in_stock,true
gach-op-lat,5405,GACH-612MT02,Gạch 612MT02,gach-op-lat,gach-van-da-tu-nhien,MOTLEY,,,public,public,default,visible,index,true,in_stock,true
gach-op-lat,5404,GACH-612MT04,Gạch 612MT04,gach-op-lat,gach-van-da-tu-nhien,MOTLEY,,,public,public,default,visible,index,true,in_stock,true
gach-op-lat,5403,GACH-612MT06,Gạch 612MT06,gach-op-lat,gach-van-da-tu-nhien,MOTLEY,,,public,public,default,visible,index,true,in_stock,true
gach-op-lat,5409,GACH-4590VAAL,Gạch 4590VAAL,gach-op-lat,gach-van-da-tu-nhien,VARANA,,,public,public,default,visible,index,true,in_stock,true
gach-op-lat,5408,GACH-4590VABL,Gạch 4590VABL,gach-op-lat,gach-van-da-tu-nhien,VARANA,,,public,public,default,visible,index,true,in_stock,true
gach-op-lat,5407,GACH-4590VAGR,Gạch 4590VAGR,gach-op-lat,gach-van-da-tu-nhien,VARANA,,,public,public,default,visible,index,true,in_stock,true
gach-op-lat,5406,GACH-4590VAMA,Gạch 4590VAMA,gach-op-lat,gach-van-da-tu-nhien,VARANA,,,public,public,default,visible,index,true,in_stock,true
gach-op-lat,5413,GACH-120EN1W,Gạch 120EN1W,gach-op-lat,gach-van-da-tu-nhien,VARANA STONE,,,public,public,default,visible,index,true,in_stock,true
gach-op-lat,5410,GACH-120EN1X,Gạch 120EN1X,gach-op-lat,gach-van-da-tu-nhien,VARANA STONE,,,public,public,default,visible,index,true,in_stock,true
gach-op-lat,5411,GACH-918EN20,Gạch 918EN20,gach-op-lat,gach-van-da-tu-nhien,VARANA STONE,,,public,public,default,visible,index,true,in_stock,true
gach-op-lat,5414,GACH-918EN21,Gạch 918EN21,gach-op-lat,gach-van-da-tu-nhien,VARANA STONE,,,public,public,default,visible,index,true,in_stock,true
gach-op-lat,5415,GACH-918EN3Z,Gạch 918EN3Z,gach-op-lat,gach-van-da-tu-nhien,VARANA STONE,,,public,public,default,visible,index,true,in_stock,true
gach-op-lat,5412,GACH-918EN40,Gạch 918EN40,gach-op-lat,gach-van-da-tu-nhien,VARANA STONE,,,public,public,default,visible,index,true,in_stock,true
gach-op-lat,5422,GACH-918ST89660N,Gạch 918ST89660N,gach-op-lat,gach-van-da-tu-nhien,VEIN STONE,,,public,public,default,visible,index,true,in_stock,true
gach-op-lat,5421,GACH-918ST89662N,Gạch 918ST89662N,gach-op-lat,gach-van-da-tu-nhien,VEIN STONE,,,public,public,default,visible,index,true,in_stock,true
gach-op-lat,5428,GACH-212EGN8,Gạch 212EGN8,gach-op-lat,gach-van-go,DIMORE,,,public,public,default,visible,index,true,in_stock,true
gach-op-lat,5429,GACH-212EGN9,Gạch 212EGN9,gach-op-lat,gach-van-go,DIMORE,,,public,public,default,visible,index,true,in_stock,true
gach-op-lat,5430,GACH-212HEEN,Gạch 212HEEN,gach-op-lat,gach-van-go,HELSINKI,,,public,public,default,visible,index,true,in_stock,true
gach-op-lat,5432,GACH-212MF7D,Gạch 212MF7D,gach-op-lat,gach-van-go,INTRECCI,,,public,public,default,visible,index,true,in_stock,true
gach-op-lat,5431,GACH-212MF7F,Gạch 212MF7F,gach-op-lat,gach-van-go,INTRECCI,,,public,public,default,visible,index,true,in_stock,true
gach-op-lat,5433,GACH-212MF7G,Gạch 212MF7G,gach-op-lat,gach-van-go,INTRECCI,,,public,public,default,visible,index,true,in_stock,true
gach-op-lat,5434,GACH-212KANO,Gạch 212KANO,gach-op-lat,gach-van-go,KALON,,,public,public,default,visible,index,true,in_stock,true
gach-op-lat,5427,GACH-1154EKP9,Gạch 1154EKP9,gach-op-lat,gach-van-go,MIMESIS,,,public,public,default,visible,index,true,in_stock,true
gach-op-lat,5425,GACH-1154EKPA,Gạch 1154EKPA,gach-op-lat,gach-van-go,MIMESIS,,,public,public,default,visible,index,true,in_stock,true
gach-op-lat,5426,GACH-1154EKPC,Gạch 1154EKPC,gach-op-lat,gach-van-go,MIMESIS,,,public,public,default,visible,index,true,in_stock,true
gach-op-lat,5424,GACH-1154EKPD,Gạch 1154EKPD,gach-op-lat,gach-van-go,MIMESIS,,,public,public,default,visible,index,true,in_stock,true
gach-op-lat,5423,GACH-212EKN8,Gạch 212EKN8,gach-op-lat,gach-van-go,MIMESIS,,,public,public,default,visible,index,true,in_stock,true
